time_sec,time_nsec,timestamp,timestamp_source,linear_x,linear_y,linear_z,angular_x,angular_y,angular_z
107,242000000,107.242,receipt_approx,0.5,0.0,0.0,0.0,0.0,0.0
111,367000000,111.367,receipt_approx,0.0,0.0,0.0,0.0,0.0,0.0
112,368000000,112.368,receipt_approx,0.5,0.0,0.0,0.0,0.0,0.0
113,252000000,113.252,receipt_approx,0.0,0.0,0.0,0.0,0.0,0.0
124,752000000,124.752,receipt_approx,0.5,0.0,0.0,0.0,0.0,0.0
129,210000000,129.21,receipt_approx,0.0,0.0,0.0,0.0,0.0,0.0
132,250000000,132.25,receipt_approx,-0.5,0.0,0.0,0.0,0.0,0.0
134,373000000,134.373,receipt_approx,0.0,0.0,0.0,0.0,0.0,0.0
136,577000000,136.577,receipt_approx,-0.5,0.0,0.0,0.0,0.0,0.0
141,602000000,141.602,receipt_approx,0.0,0.0,0.0,0.0,0.0,0.0
150,511000000,150.511,receipt_approx,0.5,0.0,0.0,0.0,0.0,0.0
153,517000000,153.517,receipt_approx,0.0,0.0,0.0,0.0,0.0,0.0
156,772000000,156.772,receipt_approx,0.5,0.0,0.0,0.0,0.0,0.0
161,449000000,161.449,receipt_approx,0.0,0.0,0.0,0.0,0.0,0.0
165,400000000,165.4,receipt_approx,-0.5,0.0,0.0,0.0,0.0,0.0
172,440000000,172.44,receipt_approx,0.0,0.0,0.0,0.0,0.0,0.0
178,444000000,178.444,receipt_approx,0.5,0.0,0.0,0.0,0.0,0.0
181,82000000,181.082,receipt_approx,0.0,0.0,0.0,0.0,0.0,0.0
184,665000000,184.665,receipt_approx,0.5,0.0,0.0,0.0,0.0,0.0
188,814000000,188.814,receipt_approx,0.0,0.0,0.0,0.0,0.0,0.0
192,692000000,192.692,receipt_approx,-0.5,0.0,0.0,0.0,0.0,0.0
200,26000000,200.026,receipt_approx,0.0,0.0,0.0,0.0,0.0,0.0
