elapsed_sec,imu_hz,odom_hz,scan_hz,cmd_vel_hz,gt_hz
24.48,0.2,0.2,0.0,0.0,0.2
25.0,75.2,11.4,1.0,0.0,5.4
30.0,822.0,100.0,10.0,0.0,50.0
35.0,810.4,100.0,10.0,0.0,50.0
40.0,795.0,100.0,10.0,0.0,50.0
45.0,767.8,100.0,10.0,0.0,50.0
50.0,791.4,100.0,10.0,0.0,50.0
55.0,801.0,100.0,10.0,0.0,50.0
60.0,788.8,100.0,10.0,0.0,50.0
65.0,747.0,100.0,10.0,0.0,50.0
70.0,745.4,100.0,10.0,0.0,50.0
75.0,742.2,100.0,10.0,0.0,50.0
80.0,748.6,100.0,10.0,0.0,50.0
85.0,730.2,100.0,10.0,0.0,50.0
90.0,670.8,100.0,10.0,0.0,50.0
95.0,649.4,100.0,10.0,0.0,50.0
100.0,725.8,100.0,10.0,0.0,50.0
105.0,755.2,100.0,10.0,0.0,50.0
110.0,771.6,100.0,10.0,0.2,50.0
115.0,773.2,100.0,10.0,0.6,50.0
120.0,735.2,100.0,10.0,0.0,50.0
125.0,749.4,100.0,10.0,0.2,50.0
130.0,765.0,100.0,10.0,0.2,50.0
135.0,763.2,100.0,10.0,0.4,50.0
140.0,759.8,100.0,10.0,0.2,50.0
145.0,731.8,100.0,10.0,0.2,50.0
150.0,726.4,100.0,10.0,0.0,50.0
155.0,782.6,100.0,10.0,0.4,50.0
160.0,780.8,100.0,10.0,0.2,50.0
165.0,733.8,100.0,10.0,0.2,50.0
170.0,752.2,100.0,10.0,0.2,50.0
175.0,754.2,100.0,10.0,0.2,50.0
180.0,751.6,100.0,10.0,0.2,50.0
185.0,747.6,100.0,10.0,0.4,50.0
190.0,752.0,100.0,10.0,0.2,50.0
195.0,752.4,100.0,10.0,0.2,50.0
200.0,744.6,100.0,10.0,0.0,50.0
205.0,732.6,100.0,10.0,0.2,50.0
210.0,786.0,100.0,10.0,0.0,50.0
