time_sec,time_nsec,timestamp,frame_id,child_frame_id,gt_x,gt_y,gt_z,gt_orient_x,gt_orient_y,gt_orient_z,gt_orient_w
3,911000000,3.911,odom,base_footprint,-3.569207474432395e-06,1.780714490297666e-13,0.0,0.0,0.0,-4.98910334013353e-08,0.9999999999999988
3,921000000,3.9210000000000003,odom,base_footprint,-3.5692074744323877e-06,1.780714490297657e-13,0.0,0.0,0.0,-4.989103340133712e-08,0.9999999999999988
3,931000000,3.931,odom,base_footprint,-3.56920747443238e-06,1.7807144902976485e-13,0.0,0.0,0.0,-4.989103340133894e-08,0.9999999999999988
3,940000000,3.94,terrain_world,differential_drive_robot,1.9999964258314777,11.399999970065483,-4.433823484413823e-07,-4.10467159318339e-10,8.20860756972274e-07,-4.9890855494431644e-08,0.9999999999996618
3,960000000,3.96,terrain_world,differential_drive_robot,1.9999964258314777,11.399999970065483,-4.433823484413823e-07,-4.10467159318339e-10,8.20860756972274e-07,-4.9890855494431644e-08,0.9999999999996618
3,980000000,3.98,terrain_world,differential_drive_robot,1.9999964258314777,11.399999970065483,-4.433823484413823e-07,-4.10467159318339e-10,8.20860756972274e-07,-4.9890855494431644e-08,0.9999999999996618
4,0,4.0,terrain_world,differential_drive_robot,1.9999964258314777,11.399999970065483,-4.433823484413823e-07,-4.10467159318339e-10,8.20860756972274e-07,-4.9890855494431644e-08,0.9999999999996618
4,20000000,4.02,terrain_world,differential_drive_robot,1.9999964258314777,11.399999970065483,-4.433823484413823e-07,-4.10467159318339e-10,8.20860756972274e-07,-4.9890855494431644e-08,0.9999999999996618
4,40000000,4.04,terrain_world,differential_drive_robot,1.9999964258314777,11.399999970065483,-4.433823484413823e-07,-4.10467159318339e-10,8.20860756972274e-07,-4.9890855494431644e-08,0.9999999999996618
4,60000000,4.06,terrain_world,differential_drive_robot,1.9999964258314777,11.399999970065483,-4.433823484413823e-07,-4.10467159318339e-10,8.20860756972274e-07,-4.9890855494431644e-08,0.9999999999996618
4,80000000,4.08,terrain_world,differential_drive_robot,1.9999964258314777,11.399999970065483,-4.433823484413823e-07,-4.10467159318339e-10,8.20860756972274e-07,-4.9890855494431644e-08,0.9999999999996618
4,100000000,4.1,terrain_world,differential_drive_robot,1.9999964258314777,11.399999970065483,-4.433823484413823e-07,-4.10467159318339e-10,8.20860756972274e-07,-4.9890855494431644e-08,0.9999999999996618
4,120000000,4.12,terrain_world,differential_drive_robot,1.9999964258314777,11.399999970065483,-4.433823484413823e-07,-4.10467159318339e-10,8.20860756972274e-07,-4.9890855494431644e-08,0.9999999999996618
4,140000000,4.14,terrain_world,differential_drive_robot,1.9999964258314777,11.399999970065483,-4.433823484413823e-07,-4.10467159318339e-10,8.20860756972274e-07,-4.9890855494431644e-08,0.9999999999996618
4,160000000,4.16,terrain_world,differential_drive_robot,1.9999964258314777,11.399999970065483,-4.433823484413823e-07,-4.10467159318339e-10,8.20860756972274e-07,-4.9890855494431644e-08,0.9999999999996618
4,180000000,4.18,terrain_world,differential_drive_robot,1.9999964258314777,11.399999970065483,-4.433823484413823e-07,-4.10467159318339e-10,8.20860756972274e-07,-4.9890855494431644e-08,0.9999999999996618
4,200000000,4.2,terrain_world,differential_drive_robot,1.9999964258314777,11.399999970065483,-4.433823484413823e-07,-4.10467159318339e-10,8.20860756972274e-07,-4.9890855494431644e-08,0.9999999999996618
4,220000000,4.22,terrain_world,differential_drive_robot,1.9999964258314777,11.399999970065483,-4.433823484413823e-07,-4.10467159318339e-10,8.20860756972274e-07,-4.9890855494431644e-08,0.9999999999996618
4,240000000,4.24,terrain_world,differential_drive_robot,1.9999964258314777,11.399999970065483,-4.433823484413823e-07,-4.10467159318339e-10,8.20860756972274e-07,-4.9890855494431644e-08,0.9999999999996618
4,260000000,4.26,terrain_world,differential_drive_robot,1.9999964258314777,11.399999970065483,-4.433823484413823e-07,-4.10467159318339e-10,8.20860756972274e-07,-4.9890855494431644e-08,0.9999999999996618
4,280000000,4.28,terrain_world,differential_drive_robot,1.9999964258314777,11.399999970065483,-4.433823484413823e-07,-4.10467159318339e-10,8.20860756972274e-07,-4.9890855494431644e-08,0.9999999999996618
4,300000000,4.3,terrain_world,differential_drive_robot,1.9999964258314777,11.399999970065483,-4.433823484413823e-07,-4.10467159318339e-10,8.20860756972274e-07,-4.9890855494431644e-08,0.9999999999996618
4,320000000,4.32,terrain_world,differential_drive_robot,1.9999964258314777,11.399999970065483,-4.433823484413823e-07,-4.10467159318339e-10,8.20860756972274e-07,-4.9890855494431644e-08,0.9999999999996618
4,340000000,4.34,terrain_world,differential_drive_robot,1.9999964258314777,11.399999970065483,-4.433823484413823e-07,-4.10467159318339e-10,8.20860756972274e-07,-4.9890855494431644e-08,0.9999999999996618
4,360000000,4.36,terrain_world,differential_drive_robot,1.9999964258314777,11.399999970065483,-4.433823484413823e-07,-4.10467159318339e-10,8.20860756972274e-07,-4.9890855494431644e-08,0.9999999999996618
4,380000000,4.38,terrain_world,differential_drive_robot,1.9999964258314777,11.399999970065483,-4.433823484413823e-07,-4.10467159318339e-10,8.20860756972274e-07,-4.9890855494431644e-08,0.9999999999996618
4,400000000,4.4,terrain_world,differential_drive_robot,1.9999964258314777,11.399999970065483,-4.433823484413823e-07,-4.10467159318339e-10,8.20860756972274e-07,-4.9890855494431644e-08,0.9999999999996618
4,420000000,4.42,terrain_world,differential_drive_robot,1.9999964258314777,11.399999970065483,-4.433823484413823e-07,-4.10467159318339e-10,8.20860756972274e-07,-4.9890855494431644e-08,0.9999999999996618
4,440000000,4.44,terrain_world,differential_drive_robot,1.9999964258314777,11.399999970065483,-4.433823484413823e-07,-4.10467159318339e-10,8.20860756972274e-07,-4.9890855494431644e-08,0.9999999999996618
4,460000000,4.46,terrain_world,differential_drive_robot,1.9999964258314777,11.399999970065483,-4.433823484413823e-07,-4.10467159318339e-10,8.20860756972274e-07,-4.9890855494431644e-08,0.9999999999996618
4,480000000,4.48,terrain_world,differential_drive_robot,1.9999964258314777,11.399999970065483,-4.433823484413823e-07,-4.10467159318339e-10,8.20860756972274e-07,-4.9890855494431644e-08,0.9999999999996618
4,500000000,4.5,terrain_world,differential_drive_robot,1.9999964258314777,11.399999970065483,-4.433823484413823e-07,-4.10467159318339e-10,8.20860756972274e-07,-4.9890855494431644e-08,0.9999999999996618
4,520000000,4.52,terrain_world,differential_drive_robot,1.9999964258314777,11.399999970065483,-4.433823484413823e-07,-4.10467159318339e-10,8.20860756972274e-07,-4.9890855494431644e-08,0.9999999999996618
4,540000000,4.54,terrain_world,differential_drive_robot,1.9999964258314777,11.399999970065483,-4.433823484413823e-07,-4.10467159318339e-10,8.20860756972274e-07,-4.9890855494431644e-08,0.9999999999996618
4,560000000,4.5600000000000005,terrain_world,differential_drive_robot,1.9999964258314777,11.399999970065483,-4.433823484413823e-07,-4.10467159318339e-10,8.20860756972274e-07,-4.9890855494431644e-08,0.9999999999996618
4,580000000,4.58,terrain_world,differential_drive_robot,1.9999964258314777,11.399999970065483,-4.433823484413823e-07,-4.10467159318339e-10,8.20860756972274e-07,-4.9890855494431644e-08,0.9999999999996618
4,600000000,4.6,terrain_world,differential_drive_robot,1.9999964258314777,11.399999970065483,-4.433823484413823e-07,-4.10467159318339e-10,8.20860756972274e-07,-4.9890855494431644e-08,0.9999999999996618
4,620000000,4.62,terrain_world,differential_drive_robot,1.9999964258314777,11.399999970065483,-4.433823484413823e-07,-4.10467159318339e-10,8.20860756972274e-07,-4.9890855494431644e-08,0.9999999999996618
4,640000000,4.64,terrain_world,differential_drive_robot,1.9999964258314777,11.399999970065483,-4.433823484413823e-07,-4.10467159318339e-10,8.20860756972274e-07,-4.9890855494431644e-08,0.9999999999996618
4,660000000,4.66,terrain_world,differential_drive_robot,1.9999964258314777,11.399999970065483,-4.433823484413823e-07,-4.10467159318339e-10,8.20860756972274e-07,-4.9890855494431644e-08,0.9999999999996618
4,680000000,4.68,terrain_world,differential_drive_robot,1.9999964258314777,11.399999970065483,-4.433823484413823e-07,-4.10467159318339e-10,8.20860756972274e-07,-4.9890855494431644e-08,0.9999999999996618
4,700000000,4.7,terrain_world,differential_drive_robot,1.9999964258314777,11.399999970065483,-4.433823484413823e-07,-4.10467159318339e-10,8.20860756972274e-07,-4.9890855494431644e-08,0.9999999999996618
4,720000000,4.72,terrain_world,differential_drive_robot,1.9999964258314777,11.399999970065483,-4.433823484413823e-07,-4.10467159318339e-10,8.20860756972274e-07,-4.9890855494431644e-08,0.9999999999996618
4,740000000,4.74,terrain_world,differential_drive_robot,1.9999964258314777,11.399999970065483,-4.433823484413823e-07,-4.10467159318339e-10,8.20860756972274e-07,-4.9890855494431644e-08,0.9999999999996618
4,760000000,4.76,terrain_world,differential_drive_robot,1.9999964258314777,11.399999970065483,-4.433823484413823e-07,-4.10467159318339e-10,8.20860756972274e-07,-4.9890855494431644e-08,0.9999999999996618
4,780000000,4.78,terrain_world,differential_drive_robot,1.9999964258314777,11.399999970065483,-4.433823484413823e-07,-4.10467159318339e-10,8.20860756972274e-07,-4.9890855494431644e-08,0.9999999999996618
4,800000000,4.8,terrain_world,differential_drive_robot,1.9999964258314777,11.399999970065483,-4.433823484413823e-07,-4.10467159318339e-10,8.20860756972274e-07,-4.9890855494431644e-08,0.9999999999996618
4,820000000,4.82,terrain_world,differential_drive_robot,1.9999964258314777,11.399999970065483,-4.433823484413823e-07,-4.10467159318339e-10,8.20860756972274e-07,-4.9890855494431644e-08,0.9999999999996618
4,840000000,4.84,terrain_world,differential_drive_robot,1.9999964258314777,11.399999970065483,-4.433823484413823e-07,-4.10467159318339e-10,8.20860756972274e-07,-4.9890855494431644e-08,0.9999999999996618
4,860000000,4.86,terrain_world,differential_drive_robot,1.9999964258314777,11.399999970065483,-4.433823484413823e-07,-4.10467159318339e-10,8.20860756972274e-07,-4.9890855494431644e-08,0.9999999999996618
4,880000000,4.88,terrain_world,differential_drive_robot,1.9999964258314777,11.399999970065483,-4.433823484413823e-07,-4.10467159318339e-10,8.20860756972274e-07,-4.9890855494431644e-08,0.9999999999996618
4,900000000,4.9,terrain_world,differential_drive_robot,1.9999964258314777,11.399999970065483,-4.433823484413823e-07,-4.10467159318339e-10,8.20860756972274e-07,-4.9890855494431644e-08,0.9999999999996618
4,920000000,4.92,terrain_world,differential_drive_robot,1.9999964258314777,11.399999970065483,-4.433823484413823e-07,-4.10467159318339e-10,8.20860756972274e-07,-4.9890855494431644e-08,0.9999999999996618
4,940000000,4.94,terrain_world,differential_drive_robot,1.9999964258314777,11.399999970065483,-4.433823484413823e-07,-4.10467159318339e-10,8.20860756972274e-07,-4.9890855494431644e-08,0.9999999999996618
4,960000000,4.96,terrain_world,differential_drive_robot,1.9999964258314777,11.399999970065483,-4.433823484413823e-07,-4.10467159318339e-10,8.20860756972274e-07,-4.9890855494431644e-08,0.9999999999996618
4,980000000,4.98,terrain_world,differential_drive_robot,1.9999964258314777,11.399999970065483,-4.433823484413823e-07,-4.10467159318339e-10,8.20860756972274e-07,-4.9890855494431644e-08,0.9999999999996618
5,0,5.0,terrain_world,differential_drive_robot,1.9999964258314777,11.399999970065483,-4.433823484413823e-07,-4.10467159318339e-10,8.20860756972274e-07,-4.9890855494431644e-08,0.9999999999996618
5,20000000,5.02,terrain_world,differential_drive_robot,1.9999964258314777,11.399999970065483,-4.433823484413823e-07,-4.10467159318339e-10,8.20860756972274e-07,-4.9890855494431644e-08,0.9999999999996618
5,40000000,5.04,terrain_world,differential_drive_robot,1.9999964258314777,11.399999970065483,-4.433823484413823e-07,-4.10467159318339e-10,8.20860756972274e-07,-4.9890855494431644e-08,0.9999999999996618
5,60000000,5.06,terrain_world,differential_drive_robot,1.9999964258314777,11.399999970065483,-4.433823484413823e-07,-4.10467159318339e-10,8.20860756972274e-07,-4.9890855494431644e-08,0.9999999999996618
5,80000000,5.08,terrain_world,differential_drive_robot,1.9999964258314777,11.399999970065483,-4.433823484413823e-07,-4.10467159318339e-10,8.20860756972274e-07,-4.9890855494431644e-08,0.9999999999996618
5,100000000,5.1,terrain_world,differential_drive_robot,1.9999964258314777,11.399999970065483,-4.433823484413823e-07,-4.10467159318339e-10,8.20860756972274e-07,-4.9890855494431644e-08,0.9999999999996618
5,120000000,5.12,terrain_world,differential_drive_robot,1.9999964258314777,11.399999970065483,-4.433823484413823e-07,-4.10467159318339e-10,8.20860756972274e-07,-4.9890855494431644e-08,0.9999999999996618
5,140000000,5.14,terrain_world,differential_drive_robot,1.9999964258314777,11.399999970065483,-4.433823484413823e-07,-4.10467159318339e-10,8.20860756972274e-07,-4.9890855494431644e-08,0.9999999999996618
5,160000000,5.16,terrain_world,differential_drive_robot,1.9999964258314777,11.399999970065483,-4.433823484413823e-07,-4.10467159318339e-10,8.20860756972274e-07,-4.9890855494431644e-08,0.9999999999996618
5,180000000,5.18,terrain_world,differential_drive_robot,1.9999964258314777,11.399999970065483,-4.433823484413823e-07,-4.10467159318339e-10,8.20860756972274e-07,-4.9890855494431644e-08,0.9999999999996618
5,200000000,5.2,terrain_world,differential_drive_robot,1.9999964258314777,11.399999970065483,-4.433823484413823e-07,-4.10467159318339e-10,8.20860756972274e-07,-4.9890855494431644e-08,0.9999999999996618
5,220000000,5.22,terrain_world,differential_drive_robot,1.9999964258314777,11.399999970065483,-4.433823484413823e-07,-4.10467159318339e-10,8.20860756972274e-07,-4.9890855494431644e-08,0.9999999999996618
5,240000000,5.24,terrain_world,differential_drive_robot,1.9999964258314777,11.399999970065483,-4.433823484413823e-07,-4.10467159318339e-10,8.20860756972274e-07,-4.9890855494431644e-08,0.9999999999996618
5,260000000,5.26,terrain_world,differential_drive_robot,1.9999964258314777,11.399999970065483,-4.433823484413823e-07,-4.10467159318339e-10,8.20860756972274e-07,-4.9890855494431644e-08,0.9999999999996618
5,280000000,5.28,terrain_world,differential_drive_robot,1.9999964258314777,11.399999970065483,-4.433823484413823e-07,-4.10467159318339e-10,8.20860756972274e-07,-4.9890855494431644e-08,0.9999999999996618
5,300000000,5.3,terrain_world,differential_drive_robot,1.9999964258314777,11.399999970065483,-4.433823484413823e-07,-4.10467159318339e-10,8.20860756972274e-07,-4.9890855494431644e-08,0.9999999999996618
5,320000000,5.32,terrain_world,differential_drive_robot,1.9999964258314777,11.399999970065483,-4.433823484413823e-07,-4.10467159318339e-10,8.20860756972274e-07,-4.9890855494431644e-08,0.9999999999996618
5,340000000,5.34,terrain_world,differential_drive_robot,1.9999964258314777,11.399999970065483,-4.433823484413823e-07,-4.10467159318339e-10,8.20860756972274e-07,-4.9890855494431644e-08,0.9999999999996618
5,360000000,5.36,terrain_world,differential_drive_robot,1.9999964258314777,11.399999970065483,-4.433823484413823e-07,-4.10467159318339e-10,8.20860756972274e-07,-4.9890855494431644e-08,0.9999999999996618
5,380000000,5.38,terrain_world,differential_drive_robot,1.9999964258314777,11.399999970065483,-4.433823484413823e-07,-4.10467159318339e-10,8.20860756972274e-07,-4.9890855494431644e-08,0.9999999999996618
5,400000000,5.4,terrain_world,differential_drive_robot,1.9999964258314777,11.399999970065483,-4.433823484413823e-07,-4.10467159318339e-10,8.20860756972274e-07,-4.9890855494431644e-08,0.9999999999996618
5,420000000,5.42,terrain_world,differential_drive_robot,1.9999964258314777,11.399999970065483,-4.433823484413823e-07,-4.10467159318339e-10,8.20860756972274e-07,-4.9890855494431644e-08,0.9999999999996618
5,440000000,5.44,terrain_world,differential_drive_robot,1.9999964258314777,11.399999970065483,-4.433823484413823e-07,-4.10467159318339e-10,8.20860756972274e-07,-4.9890855494431644e-08,0.9999999999996618
5,460000000,5.46,terrain_world,differential_drive_robot,1.9999964258314777,11.399999970065483,-4.433823484413823e-07,-4.10467159318339e-10,8.20860756972274e-07,-4.9890855494431644e-08,0.9999999999996618
5,480000000,5.48,terrain_world,differential_drive_robot,1.9999964258314777,11.399999970065483,-4.433823484413823e-07,-4.10467159318339e-10,8.20860756972274e-07,-4.9890855494431644e-08,0.9999999999996618
5,500000000,5.5,terrain_world,differential_drive_robot,1.9999964258314777,11.399999970065483,-4.433823484413823e-07,-4.10467159318339e-10,8.20860756972274e-07,-4.9890855494431644e-08,0.9999999999996618
5,520000000,5.52,terrain_world,differential_drive_robot,1.9999964258314777,11.399999970065483,-4.433823484413823e-07,-4.10467159318339e-10,8.20860756972274e-07,-4.9890855494431644e-08,0.9999999999996618
5,540000000,5.54,terrain_world,differential_drive_robot,1.9999964258314777,11.399999970065483,-4.433823484413823e-07,-4.10467159318339e-10,8.20860756972274e-07,-4.9890855494431644e-08,0.9999999999996618
5,560000000,5.5600000000000005,terrain_world,differential_drive_robot,1.9999964258314777,11.399999970065483,-4.433823484413823e-07,-4.10467159318339e-10,8.20860756972274e-07,-4.9890855494431644e-08,0.9999999999996618
5,580000000,5.58,terrain_world,differential_drive_robot,1.9999964258314777,11.399999970065483,-4.433823484413823e-07,-4.10467159318339e-10,8.20860756972274e-07,-4.9890855494431644e-08,0.9999999999996618
5,600000000,5.6,terrain_world,differential_drive_robot,1.9999964258314777,11.399999970065483,-4.433823484413823e-07,-4.10467159318339e-10,8.20860756972274e-07,-4.9890855494431644e-08,0.9999999999996618
5,620000000,5.62,terrain_world,differential_drive_robot,1.9999964258314777,11.399999970065483,-4.433823484413823e-07,-4.10467159318339e-10,8.20860756972274e-07,-4.9890855494431644e-08,0.9999999999996618
5,640000000,5.64,terrain_world,differential_drive_robot,1.9999964258314777,11.399999970065483,-4.433823484413823e-07,-4.10467159318339e-10,8.20860756972274e-07,-4.9890855494431644e-08,0.9999999999996618
5,660000000,5.66,terrain_world,differential_drive_robot,1.9999964258314777,11.399999970065483,-4.433823484413823e-07,-4.10467159318339e-10,8.20860756972274e-07,-4.9890855494431644e-08,0.9999999999996618
5,680000000,5.68,terrain_world,differential_drive_robot,1.9999964258314777,11.399999970065483,-4.433823484413823e-07,-4.10467159318339e-10,8.20860756972274e-07,-4.9890855494431644e-08,0.9999999999996618
5,700000000,5.7,terrain_world,differential_drive_robot,1.9999964258314777,11.399999970065483,-4.433823484413823e-07,-4.10467159318339e-10,8.20860756972274e-07,-4.9890855494431644e-08,0.9999999999996618
5,720000000,5.72,terrain_world,differential_drive_robot,1.9999964258314777,11.399999970065483,-4.433823484413823e-07,-4.10467159318339e-10,8.20860756972274e-07,-4.9890855494431644e-08,0.9999999999996618
5,740000000,5.74,terrain_world,differential_drive_robot,1.9999964258314777,11.399999970065483,-4.433823484413823e-07,-4.10467159318339e-10,8.20860756972274e-07,-4.9890855494431644e-08,0.9999999999996618
5,760000000,5.76,terrain_world,differential_drive_robot,1.9999964258314777,11.399999970065483,-4.433823484413823e-07,-4.10467159318339e-10,8.20860756972274e-07,-4.9890855494431644e-08,0.9999999999996618
5,780000000,5.78,terrain_world,differential_drive_robot,1.9999964258314777,11.399999970065483,-4.433823484413823e-07,-4.10467159318339e-10,8.20860756972274e-07,-4.9890855494431644e-08,0.9999999999996618
5,800000000,5.8,terrain_world,differential_drive_robot,1.9999964258314777,11.399999970065483,-4.433823484413823e-07,-4.10467159318339e-10,8.20860756972274e-07,-4.9890855494431644e-08,0.9999999999996618
5,820000000,5.82,terrain_world,differential_drive_robot,1.9999964258314777,11.399999970065483,-4.433823484413823e-07,-4.10467159318339e-10,8.20860756972274e-07,-4.9890855494431644e-08,0.9999999999996618
5,840000000,5.84,terrain_world,differential_drive_robot,1.9999964258314777,11.399999970065483,-4.433823484413823e-07,-4.10467159318339e-10,8.20860756972274e-07,-4.9890855494431644e-08,0.9999999999996618
5,860000000,5.86,terrain_world,differential_drive_robot,1.9999964258314777,11.399999970065483,-4.433823484413823e-07,-4.10467159318339e-10,8.20860756972274e-07,-4.9890855494431644e-08,0.9999999999996618
5,880000000,5.88,terrain_world,differential_drive_robot,1.9999964258314777,11.399999970065483,-4.433823484413823e-07,-4.10467159318339e-10,8.20860756972274e-07,-4.9890855494431644e-08,0.9999999999996618
5,900000000,5.9,terrain_world,differential_drive_robot,1.9999964258314777,11.399999970065483,-4.433823484413823e-07,-4.10467159318339e-10,8.20860756972274e-07,-4.9890855494431644e-08,0.9999999999996618
5,920000000,5.92,terrain_world,differential_drive_robot,1.9999964258314777,11.399999970065483,-4.433823484413823e-07,-4.10467159318339e-10,8.20860756972274e-07,-4.9890855494431644e-08,0.9999999999996618
5,940000000,5.94,terrain_world,differential_drive_robot,1.9999964258314777,11.399999970065483,-4.433823484413823e-07,-4.10467159318339e-10,8.20860756972274e-07,-4.9890855494431644e-08,0.9999999999996618
5,960000000,5.96,terrain_world,differential_drive_robot,1.9999964258314777,11.399999970065483,-4.433823484413823e-07,-4.10467159318339e-10,8.20860756972274e-07,-4.9890855494431644e-08,0.9999999999996618
5,980000000,5.98,terrain_world,differential_drive_robot,1.9999964258314777,11.399999970065483,-4.433823484413823e-07,-4.10467159318339e-10,8.20860756972274e-07,-4.9890855494431644e-08,0.9999999999996618
6,0,6.0,terrain_world,differential_drive_robot,1.9999964258314777,11.399999970065483,-4.433823484413823e-07,-4.10467159318339e-10,8.20860756972274e-07,-4.9890855494431644e-08,0.9999999999996618
6,20000000,6.02,terrain_world,differential_drive_robot,1.9999964258314777,11.399999970065483,-4.433823484413823e-07,-4.10467159318339e-10,8.20860756972274e-07,-4.9890855494431644e-08,0.9999999999996618
6,40000000,6.04,terrain_world,differential_drive_robot,1.9999964258314777,11.399999970065483,-4.433823484413823e-07,-4.10467159318339e-10,8.20860756972274e-07,-4.9890855494431644e-08,0.9999999999996618
6,60000000,6.06,terrain_world,differential_drive_robot,1.9999964258314777,11.399999970065483,-4.433823484413823e-07,-4.10467159318339e-10,8.20860756972274e-07,-4.9890855494431644e-08,0.9999999999996618
6,80000000,6.08,terrain_world,differential_drive_robot,1.9999964258314777,11.399999970065483,-4.433823484413823e-07,-4.10467159318339e-10,8.20860756972274e-07,-4.9890855494431644e-08,0.9999999999996618
6,100000000,6.1,terrain_world,differential_drive_robot,1.9999964258314777,11.399999970065483,-4.433823484413823e-07,-4.10467159318339e-10,8.20860756972274e-07,-4.9890855494431644e-08,0.9999999999996618
6,120000000,6.12,terrain_world,differential_drive_robot,1.9999964258314777,11.399999970065483,-4.433823484413823e-07,-4.10467159318339e-10,8.20860756972274e-07,-4.9890855494431644e-08,0.9999999999996618
6,140000000,6.14,terrain_world,differential_drive_robot,1.9999964258314777,11.399999970065483,-4.433823484413823e-07,-4.10467159318339e-10,8.20860756972274e-07,-4.9890855494431644e-08,0.9999999999996618
6,160000000,6.16,terrain_world,differential_drive_robot,1.9999964258314777,11.399999970065483,-4.433823484413823e-07,-4.10467159318339e-10,8.20860756972274e-07,-4.9890855494431644e-08,0.9999999999996618
6,180000000,6.18,terrain_world,differential_drive_robot,1.9999964258314777,11.399999970065483,-4.433823484413823e-07,-4.10467159318339e-10,8.20860756972274e-07,-4.9890855494431644e-08,0.9999999999996618
6,200000000,6.2,terrain_world,differential_drive_robot,1.9999964258314777,11.399999970065483,-4.433823484413823e-07,-4.10467159318339e-10,8.20860756972274e-07,-4.9890855494431644e-08,0.9999999999996618
6,220000000,6.22,terrain_world,differential_drive_robot,1.9999964258314777,11.399999970065483,-4.433823484413823e-07,-4.10467159318339e-10,8.20860756972274e-07,-4.9890855494431644e-08,0.9999999999996618
6,240000000,6.24,terrain_world,differential_drive_robot,1.9999964258314777,11.399999970065483,-4.433823484413823e-07,-4.10467159318339e-10,8.20860756972274e-07,-4.9890855494431644e-08,0.9999999999996618
6,260000000,6.26,terrain_world,differential_drive_robot,1.9999964258314777,11.399999970065483,-4.433823484413823e-07,-4.10467159318339e-10,8.20860756972274e-07,-4.9890855494431644e-08,0.9999999999996618
6,280000000,6.28,terrain_world,differential_drive_robot,1.9999964258314777,11.399999970065483,-4.433823484413823e-07,-4.10467159318339e-10,8.20860756972274e-07,-4.9890855494431644e-08,0.9999999999996618
6,300000000,6.3,terrain_world,differential_drive_robot,1.9999964258314777,11.399999970065483,-4.433823484413823e-07,-4.10467159318339e-10,8.20860756972274e-07,-4.9890855494431644e-08,0.9999999999996618
6,320000000,6.32,terrain_world,differential_drive_robot,1.9999964258314777,11.399999970065483,-4.433823484413823e-07,-4.10467159318339e-10,8.20860756972274e-07,-4.9890855494431644e-08,0.9999999999996618
6,340000000,6.34,terrain_world,differential_drive_robot,1.9999964258314777,11.399999970065483,-4.433823484413823e-07,-4.10467159318339e-10,8.20860756972274e-07,-4.9890855494431644e-08,0.9999999999996618
6,360000000,6.36,terrain_world,differential_drive_robot,1.9999964258314777,11.399999970065483,-4.433823484413823e-07,-4.10467159318339e-10,8.20860756972274e-07,-4.9890855494431644e-08,0.9999999999996618
6,380000000,6.38,terrain_world,differential_drive_robot,1.9999964258314777,11.399999970065483,-4.433823484413823e-07,-4.10467159318339e-10,8.20860756972274e-07,-4.9890855494431644e-08,0.9999999999996618
6,400000000,6.4,terrain_world,differential_drive_robot,1.9999964258314777,11.399999970065483,-4.433823484413823e-07,-4.10467159318339e-10,8.20860756972274e-07,-4.9890855494431644e-08,0.9999999999996618
6,420000000,6.42,terrain_world,differential_drive_robot,1.9999964258314777,11.399999970065483,-4.433823484413823e-07,-4.10467159318339e-10,8.20860756972274e-07,-4.9890855494431644e-08,0.9999999999996618
6,440000000,6.44,terrain_world,differential_drive_robot,1.9999964258314777,11.399999970065483,-4.433823484413823e-07,-4.10467159318339e-10,8.20860756972274e-07,-4.9890855494431644e-08,0.9999999999996618
6,460000000,6.46,terrain_world,differential_drive_robot,1.9999964258314777,11.399999970065483,-4.433823484413823e-07,-4.10467159318339e-10,8.20860756972274e-07,-4.9890855494431644e-08,0.9999999999996618
6,480000000,6.48,terrain_world,differential_drive_robot,1.9999964258314777,11.399999970065483,-4.433823484413823e-07,-4.10467159318339e-10,8.20860756972274e-07,-4.9890855494431644e-08,0.9999999999996618
6,500000000,6.5,terrain_world,differential_drive_robot,1.9999964258314777,11.399999970065483,-4.433823484413823e-07,-4.10467159318339e-10,8.20860756972274e-07,-4.9890855494431644e-08,0.9999999999996618
6,520000000,6.52,terrain_world,differential_drive_robot,1.9999964258314777,11.399999970065483,-4.433823484413823e-07,-4.10467159318339e-10,8.20860756972274e-07,-4.9890855494431644e-08,0.9999999999996618
6,540000000,6.54,terrain_world,differential_drive_robot,1.9999964258314777,11.399999970065483,-4.433823484413823e-07,-4.10467159318339e-10,8.20860756972274e-07,-4.9890855494431644e-08,0.9999999999996618
6,560000000,6.5600000000000005,terrain_world,differential_drive_robot,1.9999964258314777,11.399999970065483,-4.433823484413823e-07,-4.10467159318339e-10,8.20860756972274e-07,-4.9890855494431644e-08,0.9999999999996618
6,580000000,6.58,terrain_world,differential_drive_robot,1.9999964258314777,11.399999970065483,-4.433823484413823e-07,-4.10467159318339e-10,8.20860756972274e-07,-4.9890855494431644e-08,0.9999999999996618
6,600000000,6.6,terrain_world,differential_drive_robot,1.9999964258314777,11.399999970065483,-4.433823484413823e-07,-4.10467159318339e-10,8.20860756972274e-07,-4.9890855494431644e-08,0.9999999999996618
6,620000000,6.62,terrain_world,differential_drive_robot,1.9999964258314777,11.399999970065483,-4.433823484413823e-07,-4.10467159318339e-10,8.20860756972274e-07,-4.9890855494431644e-08,0.9999999999996618
6,640000000,6.64,terrain_world,differential_drive_robot,1.9999964258314777,11.399999970065483,-4.433823484413823e-07,-4.10467159318339e-10,8.20860756972274e-07,-4.9890855494431644e-08,0.9999999999996618
6,660000000,6.66,terrain_world,differential_drive_robot,1.9999964258314777,11.399999970065483,-4.433823484413823e-07,-4.10467159318339e-10,8.20860756972274e-07,-4.9890855494431644e-08,0.9999999999996618
6,680000000,6.68,terrain_world,differential_drive_robot,1.9999964258314777,11.399999970065483,-4.433823484413823e-07,-4.10467159318339e-10,8.20860756972274e-07,-4.9890855494431644e-08,0.9999999999996618
6,700000000,6.7,terrain_world,differential_drive_robot,1.9999964258314777,11.399999970065483,-4.433823484413823e-07,-4.10467159318339e-10,8.20860756972274e-07,-4.9890855494431644e-08,0.9999999999996618
6,720000000,6.72,terrain_world,differential_drive_robot,1.9999964258314777,11.399999970065483,-4.433823484413823e-07,-4.10467159318339e-10,8.20860756972274e-07,-4.9890855494431644e-08,0.9999999999996618
6,740000000,6.74,terrain_world,differential_drive_robot,1.9999964258314777,11.399999970065483,-4.433823484413823e-07,-4.10467159318339e-10,8.20860756972274e-07,-4.9890855494431644e-08,0.9999999999996618
6,760000000,6.76,terrain_world,differential_drive_robot,1.9999964258314777,11.399999970065483,-4.433823484413823e-07,-4.10467159318339e-10,8.20860756972274e-07,-4.9890855494431644e-08,0.9999999999996618
6,780000000,6.78,terrain_world,differential_drive_robot,1.9999964258314777,11.399999970065483,-4.433823484413823e-07,-4.10467159318339e-10,8.20860756972274e-07,-4.9890855494431644e-08,0.9999999999996618
6,800000000,6.8,terrain_world,differential_drive_robot,1.9999964258314777,11.399999970065483,-4.433823484413823e-07,-4.10467159318339e-10,8.20860756972274e-07,-4.9890855494431644e-08,0.9999999999996618
6,820000000,6.82,terrain_world,differential_drive_robot,1.9999964258314777,11.399999970065483,-4.433823484413823e-07,-4.10467159318339e-10,8.20860756972274e-07,-4.9890855494431644e-08,0.9999999999996618
6,840000000,6.84,terrain_world,differential_drive_robot,1.9999964258314777,11.399999970065483,-4.433823484413823e-07,-4.10467159318339e-10,8.20860756972274e-07,-4.9890855494431644e-08,0.9999999999996618
6,860000000,6.86,terrain_world,differential_drive_robot,1.9999964258314777,11.399999970065483,-4.433823484413823e-07,-4.10467159318339e-10,8.20860756972274e-07,-4.9890855494431644e-08,0.9999999999996618
6,880000000,6.88,terrain_world,differential_drive_robot,1.9999964258314777,11.399999970065483,-4.433823484413823e-07,-4.10467159318339e-10,8.20860756972274e-07,-4.9890855494431644e-08,0.9999999999996618
6,900000000,6.9,terrain_world,differential_drive_robot,1.9999964258314777,11.399999970065483,-4.433823484413823e-07,-4.10467159318339e-10,8.20860756972274e-07,-4.9890855494431644e-08,0.9999999999996618
6,920000000,6.92,terrain_world,differential_drive_robot,1.9999964258314777,11.399999970065483,-4.433823484413823e-07,-4.10467159318339e-10,8.20860756972274e-07,-4.9890855494431644e-08,0.9999999999996618
6,940000000,6.94,terrain_world,differential_drive_robot,1.9999964258314777,11.399999970065483,-4.433823484413823e-07,-4.10467159318339e-10,8.20860756972274e-07,-4.9890855494431644e-08,0.9999999999996618
6,960000000,6.96,terrain_world,differential_drive_robot,1.9999964258314777,11.399999970065483,-4.433823484413823e-07,-4.10467159318339e-10,8.20860756972274e-07,-4.9890855494431644e-08,0.9999999999996618
6,980000000,6.98,terrain_world,differential_drive_robot,1.9999964258314777,11.399999970065483,-4.433823484413823e-07,-4.10467159318339e-10,8.20860756972274e-07,-4.9890855494431644e-08,0.9999999999996618
7,0,7.0,terrain_world,differential_drive_robot,1.9999964258314777,11.399999970065483,-4.433823484413823e-07,-4.10467159318339e-10,8.20860756972274e-07,-4.9890855494431644e-08,0.9999999999996618
7,20000000,7.02,terrain_world,differential_drive_robot,1.9999964258314777,11.399999970065483,-4.433823484413823e-07,-4.10467159318339e-10,8.20860756972274e-07,-4.9890855494431644e-08,0.9999999999996618
7,40000000,7.04,terrain_world,differential_drive_robot,1.9999964258314777,11.399999970065483,-4.433823484413823e-07,-4.10467159318339e-10,8.20860756972274e-07,-4.9890855494431644e-08,0.9999999999996618
7,60000000,7.06,terrain_world,differential_drive_robot,1.9999964258314777,11.399999970065483,-4.433823484413823e-07,-4.10467159318339e-10,8.20860756972274e-07,-4.9890855494431644e-08,0.9999999999996618
7,80000000,7.08,terrain_world,differential_drive_robot,1.9999964258314777,11.399999970065483,-4.433823484413823e-07,-4.10467159318339e-10,8.20860756972274e-07,-4.9890855494431644e-08,0.9999999999996618
7,100000000,7.1,terrain_world,differential_drive_robot,1.9999964258314777,11.399999970065483,-4.433823484413823e-07,-4.10467159318339e-10,8.20860756972274e-07,-4.9890855494431644e-08,0.9999999999996618
7,120000000,7.12,terrain_world,differential_drive_robot,1.9999964258314777,11.399999970065483,-4.433823484413823e-07,-4.10467159318339e-10,8.20860756972274e-07,-4.9890855494431644e-08,0.9999999999996618
7,140000000,7.14,terrain_world,differential_drive_robot,1.9999964258314777,11.399999970065483,-4.433823484413823e-07,-4.10467159318339e-10,8.20860756972274e-07,-4.9890855494431644e-08,0.9999999999996618
7,160000000,7.16,terrain_world,differential_drive_robot,1.9999964258314777,11.399999970065483,-4.433823484413823e-07,-4.10467159318339e-10,8.20860756972274e-07,-4.9890855494431644e-08,0.9999999999996618
7,180000000,7.18,terrain_world,differential_drive_robot,1.9999964258314777,11.399999970065483,-4.433823484413823e-07,-4.10467159318339e-10,8.20860756972274e-07,-4.9890855494431644e-08,0.9999999999996618
7,200000000,7.2,terrain_world,differential_drive_robot,1.9999964258314777,11.399999970065483,-4.433823484413823e-07,-4.10467159318339e-10,8.20860756972274e-07,-4.9890855494431644e-08,0.9999999999996618
7,220000000,7.22,terrain_world,differential_drive_robot,1.9999964258314777,11.399999970065483,-4.433823484413823e-07,-4.10467159318339e-10,8.20860756972274e-07,-4.9890855494431644e-08,0.9999999999996618
7,240000000,7.24,terrain_world,differential_drive_robot,1.9999964258314777,11.399999970065483,-4.433823484413823e-07,-4.10467159318339e-10,8.20860756972274e-07,-4.9890855494431644e-08,0.9999999999996618
7,260000000,7.26,terrain_world,differential_drive_robot,1.9999964258314777,11.399999970065483,-4.433823484413823e-07,-4.10467159318339e-10,8.20860756972274e-07,-4.9890855494431644e-08,0.9999999999996618
7,280000000,7.28,terrain_world,differential_drive_robot,1.9999964258314777,11.399999970065483,-4.433823484413823e-07,-4.10467159318339e-10,8.20860756972274e-07,-4.9890855494431644e-08,0.9999999999996618
7,300000000,7.3,terrain_world,differential_drive_robot,1.9999964258314777,11.399999970065483,-4.433823484413823e-07,-4.10467159318339e-10,8.20860756972274e-07,-4.9890855494431644e-08,0.9999999999996618
7,320000000,7.32,terrain_world,differential_drive_robot,1.9999964258314777,11.399999970065483,-4.433823484413823e-07,-4.10467159318339e-10,8.20860756972274e-07,-4.9890855494431644e-08,0.9999999999996618
7,340000000,7.34,terrain_world,differential_drive_robot,1.9999964258314777,11.399999970065483,-4.433823484413823e-07,-4.10467159318339e-10,8.20860756972274e-07,-4.9890855494431644e-08,0.9999999999996618
7,360000000,7.36,terrain_world,differential_drive_robot,1.9999964258314777,11.399999970065483,-4.433823484413823e-07,-4.10467159318339e-10,8.20860756972274e-07,-4.9890855494431644e-08,0.9999999999996618
7,380000000,7.38,terrain_world,differential_drive_robot,1.9999964258314777,11.399999970065483,-4.433823484413823e-07,-4.10467159318339e-10,8.20860756972274e-07,-4.9890855494431644e-08,0.9999999999996618
7,400000000,7.4,terrain_world,differential_drive_robot,1.9999964258314777,11.399999970065483,-4.433823484413823e-07,-4.10467159318339e-10,8.20860756972274e-07,-4.9890855494431644e-08,0.9999999999996618
7,420000000,7.42,terrain_world,differential_drive_robot,1.9999964258314777,11.399999970065483,-4.433823484413823e-07,-4.10467159318339e-10,8.20860756972274e-07,-4.9890855494431644e-08,0.9999999999996618
7,440000000,7.44,terrain_world,differential_drive_robot,1.9999964258314777,11.399999970065483,-4.433823484413823e-07,-4.10467159318339e-10,8.20860756972274e-07,-4.9890855494431644e-08,0.9999999999996618
7,460000000,7.46,terrain_world,differential_drive_robot,1.9999964258314777,11.399999970065483,-4.433823484413823e-07,-4.10467159318339e-10,8.20860756972274e-07,-4.9890855494431644e-08,0.9999999999996618
