time_sec,time_nsec,timestamp,frame_id,angular_vel_x,angular_vel_y,angular_vel_z,linear_acc_x,linear_acc_y,linear_acc_z,orient_x,orient_y,orient_z,orient_w,orientation_covariance,angular_velocity_covariance,linear_acceleration_covariance
3,900000000,3.9,imu_link,0.008593587176960581,-0.0075302686084096,0.001381463566262122,0.00018066691429843016,0.00023557656411713412,9.799853126529806,-4.6155707952065677e-10,5.3304847850881886e-08,-4.989105558621487e-08,0.9999999999999973,0.0;0.0;0.0;0.0;0.0;0.0;0.0;0.0;0.0,7.621289842063561e-05;0.0;0.0;0.0;7.621289842063561e-05;0.0;0.0;0.0;7.621289842063561e-05,3.999999975690116e-08;0.0;0.0;0.0;3.999999975690116e-08;0.0;0.0;0.0;3.999999975690116e-08
3,920000000,3.92,imu_link,0.004576866973542286,-0.004415830802456146,-0.004876846445518646,-6.772259437389473e-05,0.0001620084457046671,9.799747370706543,-4.6155707953625947e-10,5.330484785072487e-08,-4.989105558622367e-08,0.9999999999999973,0.0;0.0;0.0;0.0;0.0;0.0;0.0;0.0;0.0,7.621289842063561e-05;0.0;0.0;0.0;7.621289842063561e-05;0.0;0.0;0.0;7.621289842063561e-05,3.999999975690116e-08;0.0;0.0;0.0;3.999999975690116e-08;0.0;0.0;0.0;3.999999975690116e-08
3,940000000,3.94,imu_link,0.005819990461525509,0.001899568150314029,-0.0008388462670014594,-0.0001547173170130204,-0.00040024575623123727,9.800155193036218,-4.6155707957376073e-10,5.3304847850381885e-08,-4.9891055586232986e-08,0.9999999999999973,0.0;0.0;0.0;0.0;0.0;0.0;0.0;0.0;0.0,7.621289842063561e-05;0.0;0.0;0.0;7.621289842063561e-05;0.0;0.0;0.0;7.621289842063561e-05,3.999999975690116e-08;0.0;0.0;0.0;3.999999975690116e-08;0.0;0.0;0.0;3.999999975690116e-08
3,960000000,3.96,imu_link,0.0035814615842674974,0.007548548809756219,-0.012087669456380014,0.00035833930011365685,0.0003133614289927878,9.800069115956278,-4.615570795861422e-10,5.330484785055315e-08,-4.9891055586242396e-08,0.9999999999999973,0.0;0.0;0.0;0.0;0.0;0.0;0.0;0.0;0.0,7.621289842063561e-05;0.0;0.0;0.0;7.621289842063561e-05;0.0;0.0;0.0;7.621289842063561e-05,3.999999975690116e-08;0.0;0.0;0.0;3.999999975690116e-08;0.0;0.0;0.0;3.999999975690116e-08
3,980000000,3.98,imu_link,-0.003809534755922238,0.010732810656774547,-0.0034035963074373955,3.8660992170324535e-05,2.4069501364398378e-05,9.79978748568244,-4.615570796111542e-10,5.3304847850618e-08,-4.9891055586251766e-08,0.9999999999999973,0.0;0.0;0.0;0.0;0.0;0.0;0.0;0.0;0.0,7.621289842063561e-05;0.0;0.0;0.0;7.621289842063561e-05;0.0;0.0;0.0;7.621289842063561e-05,3.999999975690116e-08;0.0;0.0;0.0;3.999999975690116e-08;0.0;0.0;0.0;3.999999975690116e-08
4,0,4.0,imu_link,-0.009230921751157374,0.010584818403773379,-0.015850802951844517,1.544403672502986e-05,0.00028265578591546187,9.799874031098234,-4.6155707940788005e-10,5.33048478508768e-08,-4.989105558626318e-08,0.9999999999999973,0.0;0.0;0.0;0.0;0.0;0.0;0.0;0.0;0.0,7.621289842063561e-05;0.0;0.0;0.0;7.621289842063561e-05;0.0;0.0;0.0;7.621289842063561e-05,3.999999975690116e-08;0.0;0.0;0.0;3.999999975690116e-08;0.0;0.0;0.0;3.999999975690116e-08
4,20000000,4.02,imu_link,0.00809858026951251,-0.008709332658859738,-0.0023729551660866106,0.0004318193260911451,8.495172621470951e-05,9.799569406483279,-4.615570794498672e-10,5.330484785040445e-08,-4.9891055586273194e-08,0.9999999999999973,0.0;0.0;0.0;0.0;0.0;0.0;0.0;0.0;0.0,7.621289842063561e-05;0.0;0.0;0.0;7.621289842063561e-05;0.0;0.0;0.0;7.621289842063561e-05,3.999999975690116e-08;0.0;0.0;0.0;3.999999975690116e-08;0.0;0.0;0.0;3.999999975690116e-08
4,40000000,4.04,imu_link,0.007588384284043004,0.013710902064859032,0.011941672446923972,0.0005123079528562941,-0.00024250871987892866,9.799990111729011,-4.615570794454294e-10,5.330484785076792e-08,-4.989105558628457e-08,0.9999999999999973,0.0;0.0;0.0;0.0;0.0;0.0;0.0;0.0;0.0,7.621289842063561e-05;0.0;0.0;0.0;7.621289842063561e-05;0.0;0.0;0.0;7.621289842063561e-05,3.999999975690116e-08;0.0;0.0;0.0;3.999999975690116e-08;0.0;0.0;0.0;3.999999975690116e-08
4,60000000,4.06,imu_link,-0.0057599634886726534,0.0030897957314885735,-0.006274052986595685,-0.00017602259496065089,0.0004399169643354503,9.799535653487608,-4.6155707936996747e-10,5.330484785030837e-08,-4.989105558629527e-08,0.9999999999999973,0.0;0.0;0.0;0.0;0.0;0.0;0.0;0.0;0.0,7.621289842063561e-05;0.0;0.0;0.0;7.621289842063561e-05;0.0;0.0;0.0;7.621289842063561e-05,3.999999975690116e-08;0.0;0.0;0.0;3.999999975690116e-08;0.0;0.0;0.0;3.999999975690116e-08
4,80000000,4.08,imu_link,0.006629296408199156,0.014783475131484014,0.0050928247810662535,-4.275902861545629e-05,0.00020535318866633226,9.799709437094265,-4.6155707940489135e-10,5.3304847850499404e-08,-4.989105558630574e-08,0.9999999999999973,0.0;0.0;0.0;0.0;0.0;0.0;0.0;0.0;0.0,7.621289842063561e-05;0.0;0.0;0.0;7.621289842063561e-05;0.0;0.0;0.0;7.621289842063561e-05,3.999999975690116e-08;0.0;0.0;0.0;3.999999975690116e-08;0.0;0.0;0.0;3.999999975690116e-08
4,100000000,4.1,imu_link,-0.005835260521115387,0.008657830978907334,0.016931846322403195,5.868790313559981e-05,0.00036499552957081153,9.799824551800688,-4.615570795642936e-10,5.3304847850669916e-08,-4.9891055586316386e-08,0.9999999999999973,0.0;0.0;0.0;0.0;0.0;0.0;0.0;0.0;0.0,7.621289842063561e-05;0.0;0.0;0.0;7.621289842063561e-05;0.0;0.0;0.0;7.621289842063561e-05,3.999999975690116e-08;0.0;0.0;0.0;3.999999975690116e-08;0.0;0.0;0.0;3.999999975690116e-08
4,120000000,4.12,imu_link,0.007447858169994247,0.002457928873596936,-0.01179843426349651,0.000132210407221325,-4.0372004389351105e-05,9.800093119786647,-4.615570795803692e-10,5.3304847850376955e-08,-4.989105558632756e-08,0.9999999999999973,0.0;0.0;0.0;0.0;0.0;0.0;0.0;0.0;0.0,7.621289842063561e-05;0.0;0.0;0.0;7.621289842063561e-05;0.0;0.0;0.0;7.621289842063561e-05,3.999999975690116e-08;0.0;0.0;0.0;3.999999975690116e-08;0.0;0.0;0.0;3.999999975690116e-08
4,140000000,4.14,imu_link,-0.011584765899813894,-0.00901508764719457,0.012250046980599371,3.86759656987363e-05,7.55769166474089e-05,9.799863198717857,-4.6155707960294703e-10,5.330484785054591e-08,-4.98910555863402e-08,0.9999999999999973,0.0;0.0;0.0;0.0;0.0;0.0;0.0;0.0;0.0,7.621289842063561e-05;0.0;0.0;0.0;7.621289842063561e-05;0.0;0.0;0.0;7.621289842063561e-05,3.999999975690116e-08;0.0;0.0;0.0;3.999999975690116e-08;0.0;0.0;0.0;3.999999975690116e-08
4,160000000,4.16,imu_link,0.0017491735387989114,-0.017447836111859624,0.003563062817923411,0.00035170338569756913,0.00011116841768971909,9.800247125026,-4.6155707961254884e-10,5.3304847850598527e-08,-4.9891055586350604e-08,0.9999999999999973,0.0;0.0;0.0;0.0;0.0;0.0;0.0;0.0;0.0,7.621289842063561e-05;0.0;0.0;0.0;7.621289842063561e-05;0.0;0.0;0.0;7.621289842063561e-05,3.999999975690116e-08;0.0;0.0;0.0;3.999999975690116e-08;0.0;0.0;0.0;3.999999975690116e-08
4,180000000,4.18,imu_link,0.0023405758000586974,-0.016145091992056305,-0.004496938712315884,0.0003259222113476514,-0.0001365530490829122,9.800054236212166,-4.6155707953465386e-10,5.330484785026592e-08,-4.989105558636199e-08,0.9999999999999973,0.0;0.0;0.0;0.0;0.0;0.0;0.0;0.0;0.0,7.621289842063561e-05;0.0;0.0;0.0;7.621289842063561e-05;0.0;0.0;0.0;7.621289842063561e-05,3.999999975690116e-08;0.0;0.0;0.0;3.999999975690116e-08;0.0;0.0;0.0;3.999999975690116e-08
4,200000000,4.2,imu_link,-0.01135503638376165,-0.005984177266365674,0.021715890697625903,0.0004581685596485451,0.00032402255300301055,9.800042198441503,-4.615570795664141e-10,5.330484785044599e-08,-4.9891055586371476e-08,0.9999999999999973,0.0;0.0;0.0;0.0;0.0;0.0;0.0;0.0;0.0,7.621289842063561e-05;0.0;0.0;0.0;7.621289842063561e-05;0.0;0.0;0.0;7.621289842063561e-05,3.999999975690116e-08;0.0;0.0;0.0;3.999999975690116e-08;0.0;0.0;0.0;3.999999975690116e-08
4,220000000,4.22,imu_link,-0.0034720326079091313,-0.00925544956380752,0.0033912453360469613,-8.84480552207594e-05,0.0002068486139966539,9.799919099897709,-4.6155707958692924e-10,5.33048478506231e-08,-4.989105558638362e-08,0.9999999999999973,0.0;0.0;0.0;0.0;0.0;0.0;0.0;0.0;0.0,7.621289842063561e-05;0.0;0.0;0.0;7.621289842063561e-05;0.0;0.0;0.0;7.621289842063561e-05,3.999999975690116e-08;0.0;0.0;0.0;3.999999975690116e-08;0.0;0.0;0.0;3.999999975690116e-08
4,240000000,4.24,imu_link,0.015032926965716406,0.010621367744385145,-0.008013227190678842,-1.4430332097701643e-05,-6.31233782771364e-05,9.799777851120595,-4.615570793580566e-10,5.3304847850742615e-08,-4.989105558639323e-08,0.9999999999999973,0.0;0.0;0.0;0.0;0.0;0.0;0.0;0.0;0.0,7.621289842063561e-05;0.0;0.0;0.0;7.621289842063561e-05;0.0;0.0;0.0;7.621289842063561e-05,3.999999975690116e-08;0.0;0.0;0.0;3.999999975690116e-08;0.0;0.0;0.0;3.999999975690116e-08
4,260000000,4.26,imu_link,0.02406776321983522,-0.0026366911509902438,0.008072925129661039,5.028678867011059e-05,-8.400929949151864e-05,9.79964536878553,-4.61557079368879e-10,5.3304847850448496e-08,-4.989105558640291e-08,0.9999999999999973,0.0;0.0;0.0;0.0;0.0;0.0;0.0;0.0;0.0,7.621289842063561e-05;0.0;0.0;0.0;7.621289842063561e-05;0.0;0.0;0.0;7.621289842063561e-05,3.999999975690116e-08;0.0;0.0;0.0;3.999999975690116e-08;0.0;0.0;0.0;3.999999975690116e-08
4,280000000,4.28,imu_link,-0.0008376853254446819,-0.005520311695574362,0.00938568601824726,0.0001809372104781188,-3.8876652101132775e-05,9.799638229880077,-4.615570793893203e-10,5.3304847850629556e-08,-4.9891055586412696e-08,0.9999999999999973,0.0;0.0;0.0;0.0;0.0;0.0;0.0;0.0;0.0,7.621289842063561e-05;0.0;0.0;0.0;7.621289842063561e-05;0.0;0.0;0.0;7.621289842063561e-05,3.999999975690116e-08;0.0;0.0;0.0;3.999999975690116e-08;0.0;0.0;0.0;3.999999975690116e-08
4,300000000,4.3,imu_link,-0.0044629779164519845,0.0048457560463043056,-0.002805238035443323,0.00010204586539887133,8.346688327833729e-05,9.799812195162852,-4.615570794116856e-10,5.3304847850798585e-08,-4.98910555864238e-08,0.9999999999999973,0.0;0.0;0.0;0.0;0.0;0.0;0.0;0.0;0.0,7.621289842063561e-05;0.0;0.0;0.0;7.621289842063561e-05;0.0;0.0;0.0;7.621289842063561e-05,3.999999975690116e-08;0.0;0.0;0.0;3.999999975690116e-08;0.0;0.0;0.0;3.999999975690116e-08
4,320000000,4.32,imu_link,-0.002997450750927175,0.0071207960161942425,0.007100521896914073,0.0002156384853629654,-0.0001392822064499598,9.800092559946918,-4.615570794714817e-10,5.3304847850323916e-08,-4.989105558643381e-08,0.9999999999999973,0.0;0.0;0.0;0.0;0.0;0.0;0.0;0.0;0.0,7.621289842063561e-05;0.0;0.0;0.0;7.621289842063561e-05;0.0;0.0;0.0;7.621289842063561e-05,3.999999975690116e-08;0.0;0.0;0.0;3.999999975690116e-08;0.0;0.0;0.0;3.999999975690116e-08
4,340000000,4.34,imu_link,0.008430162327648642,-0.009104804625117579,-0.001096205406787152,0.00031746963894862835,-0.0002011473683890635,9.799706563864083,-4.6155707960120736e-10,5.3304847850562025e-08,-4.989105558644515e-08,0.9999999999999973,0.0;0.0;0.0;0.0;0.0;0.0;0.0;0.0;0.0,7.621289842063561e-05;0.0;0.0;0.0;7.621289842063561e-05;0.0;0.0;0.0;7.621289842063561e-05,3.999999975690116e-08;0.0;0.0;0.0;3.999999975690116e-08;0.0;0.0;0.0;3.999999975690116e-08
4,360000000,4.36,imu_link,-0.0045695446273193675,0.005973531002059266,-0.00344967538760282,0.0002498841012534717,0.0002215901714946165,9.79990470565308,-4.6155707951678045e-10,5.330484785067924e-08,-4.9891055586455775e-08,0.9999999999999973,0.0;0.0;0.0;0.0;0.0;0.0;0.0;0.0;0.0,7.621289842063561e-05;0.0;0.0;0.0;7.621289842063561e-05;0.0;0.0;0.0;7.621289842063561e-05,3.999999975690116e-08;0.0;0.0;0.0;3.999999975690116e-08;0.0;0.0;0.0;3.999999975690116e-08
4,380000000,4.38,imu_link,0.007338384325391571,-0.006904530370062499,-0.003690105939886178,-1.660251085607096e-05,0.0003537430799116201,9.799703111473047,-4.615570795420633e-10,5.33048478503941e-08,-4.9891055586465854e-08,0.9999999999999973,0.0;0.0;0.0;0.0;0.0;0.0;0.0;0.0;0.0,7.621289842063561e-05;0.0;0.0;0.0;7.621289842063561e-05;0.0;0.0;0.0;7.621289842063561e-05,3.999999975690116e-08;0.0;0.0;0.0;3.999999975690116e-08;0.0;0.0;0.0;3.999999975690116e-08
4,400000000,4.4,imu_link,0.0010392823392294066,-0.0040473364259962724,0.00026896666683018676,-0.00021641372840527898,0.00013502756379698086,9.799477264194428,-4.615570794699159e-10,5.330484785054119e-08,-4.989105558647618e-08,0.9999999999999973,0.0;0.0;0.0;0.0;0.0;0.0;0.0;0.0;0.0,7.621289842063561e-05;0.0;0.0;0.0;7.621289842063561e-05;0.0;0.0;0.0;7.621289842063561e-05,3.999999975690116e-08;0.0;0.0;0.0;3.999999975690116e-08;0.0;0.0;0.0;3.999999975690116e-08
4,420000000,4.42,imu_link,-0.009105660040413353,-0.013637688638202252,0.0025986970578124953,-0.00010784023505550571,-0.00027393854220564,9.799991865836663,-4.6155707939783467e-10,5.3304847850663894e-08,-4.989105558648635e-08,0.9999999999999973,0.0;0.0;0.0;0.0;0.0;0.0;0.0;0.0;0.0,7.621289842063561e-05;0.0;0.0;0.0;7.621289842063561e-05;0.0;0.0;0.0;7.621289842063561e-05,3.999999975690116e-08;0.0;0.0;0.0;3.999999975690116e-08;0.0;0.0;0.0;3.999999975690116e-08
4,440000000,4.44,imu_link,0.009104994202963238,0.007768515958032288,0.0022809321117885258,0.00019893682774960327,0.00015224803615215506,9.800465809069934,-4.615570795596586e-10,5.330484785036168e-08,-4.989105558648886e-08,0.9999999999999973,0.0;0.0;0.0;0.0;0.0;0.0;0.0;0.0;0.0,7.621289842063561e-05;0.0;0.0;0.0;7.621289842063561e-05;0.0;0.0;0.0;7.621289842063561e-05,3.999999975690116e-08;0.0;0.0;0.0;3.999999975690116e-08;0.0;0.0;0.0;3.999999975690116e-08
4,460000000,4.46,imu_link,-0.009426943766355408,0.0054569292146802485,-0.010716348322145226,-1.8713831360662585e-06,-4.821494486803158e-05,9.800085412762714,-4.615570795883389e-10,5.330484785052638e-08,-4.989105558649085e-08,0.9999999999999973,0.0;0.0;0.0;0.0;0.0;0.0;0.0;0.0;0.0,7.621289842063561e-05;0.0;0.0;0.0;7.621289842063561e-05;0.0;0.0;0.0;7.621289842063561e-05,3.999999975690116e-08;0.0;0.0;0.0;3.999999975690116e-08;0.0;0.0;0.0;3.999999975690116e-08
4,480000000,4.48,imu_link,0.0064783286344037355,0.002698882446287984,0.007932142175777894,0.0001831305357517047,3.469239101215263e-05,9.800152051571478,-4.615570793726063e-10,5.330484785066603e-08,-4.989105558649507e-08,0.9999999999999973,0.0;0.0;0.0;0.0;0.0;0.0;0.0;0.0;0.0,7.621289842063561e-05;0.0;0.0;0.0;7.621289842063561e-05;0.0;0.0;0.0;7.621289842063561e-05,3.999999975690116e-08;0.0;0.0;0.0;3.999999975690116e-08;0.0;0.0;0.0;3.999999975690116e-08
4,500000000,4.5,imu_link,0.007414765157845361,0.00682422642270247,0.0011820860744435775,-5.723123186538771e-05,7.471572664785792e-05,9.799799172240457,-4.6155707942008717e-10,5.330484785072316e-08,-4.989105558649881e-08,0.9999999999999973,0.0;0.0;0.0;0.0;0.0;0.0;0.0;0.0;0.0,7.621289842063561e-05;0.0;0.0;0.0;7.621289842063561e-05;0.0;0.0;0.0;7.621289842063561e-05,3.999999975690116e-08;0.0;0.0;0.0;3.999999975690116e-08;0.0;0.0;0.0;3.999999975690116e-08
4,520000000,4.52,imu_link,0.004331571572724852,-0.00693840262409724,-0.014052393855494297,-4.5894021621451176e-05,0.0003928286248051318,9.79996210247433,-4.615570794846823e-10,5.330484785026039e-08,-4.989105558650189e-08,0.9999999999999973,0.0;0.0;0.0;0.0;0.0;0.0;0.0;0.0;0.0,7.621289842063561e-05;0.0;0.0;0.0;7.621289842063561e-05;0.0;0.0;0.0;7.621289842063561e-05,3.999999975690116e-08;0.0;0.0;0.0;3.999999975690116e-08;0.0;0.0;0.0;3.999999975690116e-08
4,540000000,4.54,imu_link,-0.010357410277049183,-0.007889881700196368,0.005674223360018752,0.0003097077279540627,0.0002293377164257188,9.800097364887355,-4.615570796107158e-10,5.330484785060844e-08,-4.9891055586507756e-08,0.9999999999999973,0.0;0.0;0.0;0.0;0.0;0.0;0.0;0.0;0.0,7.621289842063561e-05;0.0;0.0;0.0;7.621289842063561e-05;0.0;0.0;0.0;7.621289842063561e-05,3.999999975690116e-08;0.0;0.0;0.0;3.999999975690116e-08;0.0;0.0;0.0;3.999999975690116e-08
4,560000000,4.5600000000000005,imu_link,0.0004236899686993092,-0.003093093902655181,0.001576385709895935,0.0002906952539737021,0.00036449994634728293,9.799807545209262,-4.615570793957694e-10,5.330484785027051e-08,-4.9891055586511633e-08,0.9999999999999973,0.0;0.0;0.0;0.0;0.0;0.0;0.0;0.0;0.0,7.621289842063561e-05;0.0;0.0;0.0;7.621289842063561e-05;0.0;0.0;0.0;7.621289842063561e-05,3.999999975690116e-08;0.0;0.0;0.0;3.999999975690116e-08;0.0;0.0;0.0;3.999999975690116e-08
4,580000000,4.58,imu_link,0.005366651936801938,0.0049864050710579895,-0.000718420423623983,-5.927103756623331e-05,0.00020795373140030892,9.799699664837798,-4.615570795617961e-10,5.330484785031519e-08,-4.989105558651346e-08,0.9999999999999973,0.0;0.0;0.0;0.0;0.0;0.0;0.0;0.0;0.0,7.621289842063561e-05;0.0;0.0;0.0;7.621289842063561e-05;0.0;0.0;0.0;7.621289842063561e-05,3.999999975690116e-08;0.0;0.0;0.0;3.999999975690116e-08;0.0;0.0;0.0;3.999999975690116e-08
4,600000000,4.6,imu_link,-0.0018227866964661001,-0.0015348143003864388,0.016583957759413803,-2.3012218083215348e-05,0.00011170032253916522,9.800051078956836,-4.6155707945200435e-10,5.3304847850613e-08,-4.989105558651816e-08,0.9999999999999973,0.0;0.0;0.0;0.0;0.0;0.0;0.0;0.0;0.0,7.621289842063561e-05;0.0;0.0;0.0;7.621289842063561e-05;0.0;0.0;0.0;7.621289842063561e-05,3.999999975690116e-08;0.0;0.0;0.0;3.999999975690116e-08;0.0;0.0;0.0;3.999999975690116e-08
4,620000000,4.62,imu_link,0.0018029013015926707,-0.020249024854360937,0.014321880394567934,-8.502180420329097e-05,-0.00025081435195474836,9.800070460747952,-4.6155707937546605e-10,5.33048478507333e-08,-4.989105558652155e-08,0.9999999999999973,0.0;0.0;0.0;0.0;0.0;0.0;0.0;0.0;0.0,7.621289842063561e-05;0.0;0.0;0.0;7.621289842063561e-05;0.0;0.0;0.0;7.621289842063561e-05,3.999999975690116e-08;0.0;0.0;0.0;3.999999975690116e-08;0.0;0.0;0.0;3.999999975690116e-08
4,640000000,4.64,imu_link,0.004182634643696571,0.005525925189206569,-0.008573254133319191,-0.0003042566435544171,1.2668290718287139e-05,9.799970259105505,-4.6155707944598656e-10,5.3304847850254797e-08,-4.989105558652667e-08,0.9999999999999973,0.0;0.0;0.0;0.0;0.0;0.0;0.0;0.0;0.0,7.621289842063561e-05;0.0;0.0;0.0;7.621289842063561e-05;0.0;0.0;0.0;7.621289842063561e-05,3.999999975690116e-08;0.0;0.0;0.0;3.999999975690116e-08;0.0;0.0;0.0;3.999999975690116e-08
4,660000000,4.66,imu_link,-0.007912433739315399,0.008787542061242793,0.008613035359934828,-1.3221805138861344e-05,0.0002840609207299143,9.80012027215571,-4.615570794399447e-10,5.330484785060554e-08,-4.989105558653153e-08,0.9999999999999973,0.0;0.0;0.0;0.0;0.0;0.0;0.0;0.0;0.0,7.621289842063561e-05;0.0;0.0;0.0;7.621289842063561e-05;0.0;0.0;0.0;7.621289842063561e-05,3.999999975690116e-08;0.0;0.0;0.0;3.999999975690116e-08;0.0;0.0;0.0;3.999999975690116e-08
4,680000000,4.68,imu_link,0.0027456056471329457,0.000994587463077273,0.011196369577786363,0.00010909529451964012,-2.721475482697706e-06,9.79946564347299,-4.6155707937065145e-10,5.3304847850603576e-08,-4.989105558653624e-08,0.9999999999999973,0.0;0.0;0.0;0.0;0.0;0.0;0.0;0.0;0.0,7.621289842063561e-05;0.0;0.0;0.0;7.621289842063561e-05;0.0;0.0;0.0;7.621289842063561e-05,3.999999975690116e-08;0.0;0.0;0.0;3.999999975690116e-08;0.0;0.0;0.0;3.999999975690116e-08
4,700000000,4.7,imu_link,0.0028524812324682227,0.007212107193577419,-0.0015430849262671911,2.951285114526905e-05,-2.296078910248676e-06,9.800210707910106,-4.6155707953025305e-10,5.3304847850307246e-08,-4.989105558653988e-08,0.9999999999999973,0.0;0.0;0.0;0.0;0.0;0.0;0.0;0.0;0.0,7.621289842063561e-05;0.0;0.0;0.0;7.621289842063561e-05;0.0;0.0;0.0;7.621289842063561e-05,3.999999975690116e-08;0.0;0.0;0.0;3.999999975690116e-08;0.0;0.0;0.0;3.999999975690116e-08
4,720000000,4.72,imu_link,-0.0109286307309943,0.012999879347762169,-0.010803226955713192,-0.00015582631497900964,-0.00018969516395221935,9.800271483930173,-4.615570795510948e-10,5.330484785048479e-08,-4.9891055586541895e-08,0.9999999999999973,0.0;0.0;0.0;0.0;0.0;0.0;0.0;0.0;0.0,7.621289842063561e-05;0.0;0.0;0.0;7.621289842063561e-05;0.0;0.0;0.0;7.621289842063561e-05,3.999999975690116e-08;0.0;0.0;0.0;3.999999975690116e-08;0.0;0.0;0.0;3.999999975690116e-08
4,740000000,4.74,imu_link,0.009550472316215248,0.0005881624092355761,-0.002542806753885667,-7.024698511855763e-05,-0.0002125265510803795,9.80003682364377,-4.6155707957500125e-10,5.3304847850661134e-08,-4.9891055586543794e-08,0.9999999999999973,0.0;0.0;0.0;0.0;0.0;0.0;0.0;0.0;0.0,7.621289842063561e-05;0.0;0.0;0.0;7.621289842063561e-05;0.0;0.0;0.0;7.621289842063561e-05,3.999999975690116e-08;0.0;0.0;0.0;3.999999975690116e-08;0.0;0.0;0.0;3.999999975690116e-08
4,760000000,4.76,imu_link,0.0014241438217469798,0.007989602504573777,-0.007130649435992394,5.186320322895202e-05,9.940908045028849e-05,9.799805153805696,-4.6155707949563704e-10,5.3304847850331036e-08,-4.989105558654526e-08,0.9999999999999973,0.0;0.0;0.0;0.0;0.0;0.0;0.0;0.0;0.0,7.621289842063561e-05;0.0;0.0;0.0;7.621289842063561e-05;0.0;0.0;0.0;7.621289842063561e-05,3.999999975690116e-08;0.0;0.0;0.0;3.999999975690116e-08;0.0;0.0;0.0;3.999999975690116e-08
4,780000000,4.78,imu_link,0.0040838654552538805,-0.005443211392475594,0.0056850734765149956,0.00011266550708871471,-0.0001448681702740218,9.79987993940167,-4.6155707961453634e-10,5.330484785056588e-08,-4.98910555865474e-08,0.9999999999999973,0.0;0.0;0.0;0.0;0.0;0.0;0.0;0.0;0.0,7.621289842063561e-05;0.0;0.0;0.0;7.621289842063561e-05;0.0;0.0;0.0;7.621289842063561e-05,3.999999975690116e-08;0.0;0.0;0.0;3.999999975690116e-08;0.0;0.0;0.0;3.999999975690116e-08
4,800000000,4.8,imu_link,0.005993756632792666,-0.0010101806517980854,0.002513273331315337,0.00038586352590587556,0.0003336752968956491,9.80004094642714,-4.615570793905169e-10,5.3304847850687604e-08,-4.989105558655155e-08,0.9999999999999973,0.0;0.0;0.0;0.0;0.0;0.0;0.0;0.0;0.0,7.621289842063561e-05;0.0;0.0;0.0;7.621289842063561e-05;0.0;0.0;0.0;7.621289842063561e-05,3.999999975690116e-08;0.0;0.0;0.0;3.999999975690116e-08;0.0;0.0;0.0;3.999999975690116e-08
4,820000000,4.82,imu_link,0.0122491888599477,0.013386554373488329,-0.00531601679661505,0.00013595737590125923,6.179302728416062e-05,9.79965840430303,-4.6155707941785544e-10,5.3304847850848686e-08,-4.989105558655338e-08,0.9999999999999973,0.0;0.0;0.0;0.0;0.0;0.0;0.0;0.0;0.0,7.621289842063561e-05;0.0;0.0;0.0;7.621289842063561e-05;0.0;0.0;0.0;7.621289842063561e-05,3.999999975690116e-08;0.0;0.0;0.0;3.999999975690116e-08;0.0;0.0;0.0;3.999999975690116e-08
4,840000000,4.84,imu_link,-0.0056759991477123555,0.000517767113431388,-0.0062326686342977205,-0.00021484248024972684,8.991487137768199e-05,9.800067934878621,-4.6155707949319127e-10,5.330484785037168e-08,-4.989105558655507e-08,0.9999999999999973,0.0;0.0;0.0;0.0;0.0;0.0;0.0;0.0;0.0,7.621289842063561e-05;0.0;0.0;0.0;7.621289842063561e-05;0.0;0.0;0.0;7.621289842063561e-05,3.999999975690116e-08;0.0;0.0;0.0;3.999999975690116e-08;0.0;0.0;0.0;3.999999975690116e-08
4,860000000,4.86,imu_link,-0.003824637778845479,0.0006741727594524972,-0.00753972157676215,9.117348935643232e-05,-0.00018782868783882032,9.800055346458995,-4.6155707951034747e-10,5.330484785042255e-08,-4.989105558655806e-08,0.9999999999999973,0.0;0.0;0.0;0.0;0.0;0.0;0.0;0.0;0.0,7.621289842063561e-05;0.0;0.0;0.0;7.621289842063561e-05;0.0;0.0;0.0;7.621289842063561e-05,3.999999975690116e-08;0.0;0.0;0.0;3.999999975690116e-08;0.0;0.0;0.0;3.999999975690116e-08
4,880000000,4.88,imu_link,-0.011432157053010435,-0.0016103041901562498,-0.008586972182461104,0.0002168855295448794,-0.00032118715786525685,9.800131528278873,-4.6155707949964613e-10,5.330484785077858e-08,-4.989105558655889e-08,0.9999999999999973,0.0;0.0;0.0;0.0;0.0;0.0;0.0;0.0;0.0,7.621289842063561e-05;0.0;0.0;0.0;7.621289842063561e-05;0.0;0.0;0.0;7.621289842063561e-05,3.999999975690116e-08;0.0;0.0;0.0;3.999999975690116e-08;0.0;0.0;0.0;3.999999975690116e-08
4,900000000,4.9,imu_link,0.016566797566412574,0.0008951989576569826,0.008003300619852594,0.0001233752198337497,0.000270850004487575,9.800264368627975,-4.615570794048533e-10,5.3304847850439106e-08,-4.989105558655911e-08,0.9999999999999973,0.0;0.0;0.0;0.0;0.0;0.0;0.0;0.0;0.0,7.621289842063561e-05;0.0;0.0;0.0;7.621289842063561e-05;0.0;0.0;0.0;7.621289842063561e-05,3.999999975690116e-08;0.0;0.0;0.0;3.999999975690116e-08;0.0;0.0;0.0;3.999999975690116e-08
4,920000000,4.92,imu_link,-0.011351543427085876,-0.00535008084488756,0.001902736752025201,-0.00018096176760531226,0.0005366687282758882,9.799781326863929,-4.615570795601327e-10,5.330484785049781e-08,-4.98910555865594e-08,0.9999999999999973,0.0;0.0;0.0;0.0;0.0;0.0;0.0;0.0;0.0,7.621289842063561e-05;0.0;0.0;0.0;7.621289842063561e-05;0.0;0.0;0.0;7.621289842063561e-05,3.999999975690116e-08;0.0;0.0;0.0;3.999999975690116e-08;0.0;0.0;0.0;3.999999975690116e-08
4,940000000,4.94,imu_link,-0.01709838377339216,-0.01914878552606988,-0.00423959202002236,0.00022229001297666254,1.3732200867471741e-05,9.799648021304431,-4.615570794427681e-10,5.330484785079903e-08,-4.989105558656287e-08,0.9999999999999973,0.0;0.0;0.0;0.0;0.0;0.0;0.0;0.0;0.0,7.621289842063561e-05;0.0;0.0;0.0;7.621289842063561e-05;0.0;0.0;0.0;7.621289842063561e-05,3.999999975690116e-08;0.0;0.0;0.0;3.999999975690116e-08;0.0;0.0;0.0;3.999999975690116e-08
4,960000000,4.96,imu_link,0.008325772780418215,0.005984997753563084,0.012703929854419939,0.00012419061961224675,0.000698946414160819,9.800034409855368,-4.615570795133042e-10,5.330484785032645e-08,-4.989105558656381e-08,0.9999999999999973,0.0;0.0;0.0;0.0;0.0;0.0;0.0;0.0;0.0,7.621289842063561e-05;0.0;0.0;0.0;7.621289842063561e-05;0.0;0.0;0.0;7.621289842063561e-05,3.999999975690116e-08;0.0;0.0;0.0;3.999999975690116e-08;0.0;0.0;0.0;3.999999975690116e-08
4,980000000,4.98,imu_link,-0.0026756135125185873,-0.0035849347465331857,0.005280559118613231,0.0004859464008380892,5.665181337420604e-05,9.800063572292713,-4.6155707952069953e-10,5.3304847850492356e-08,-4.989105558656389e-08,0.9999999999999973,0.0;0.0;0.0;0.0;0.0;0.0;0.0;0.0;0.0,7.621289842063561e-05;0.0;0.0;0.0;7.621289842063561e-05;0.0;0.0;0.0;7.621289842063561e-05,3.999999975690116e-08;0.0;0.0;0.0;3.999999975690116e-08;0.0;0.0;0.0;3.999999975690116e-08
5,0,5.0,imu_link,-0.013121834263991859,-0.005088001375698619,0.006039863450683564,0.0002626982281354057,-5.745054509152819e-05,9.799952184381981,-4.6155707940304797e-10,5.330484785068241e-08,-4.989105558656559e-08,0.9999999999999973,0.0;0.0;0.0;0.0;0.0;0.0;0.0;0.0;0.0,7.621289842063561e-05;0.0;0.0;0.0;7.621289842063561e-05;0.0;0.0;0.0;7.621289842063561e-05,3.999999975690116e-08;0.0;0.0;0.0;3.999999975690116e-08;0.0;0.0;0.0;3.999999975690116e-08
5,20000000,5.02,imu_link,0.004779247317616638,0.0026458020108422226,-0.0066895551102649515,0.0004186590996988052,0.00037744147183917044,9.799118534740145,-4.6155707956338923e-10,5.330484785038444e-08,-4.989105558656795e-08,0.9999999999999973,0.0;0.0;0.0;0.0;0.0;0.0;0.0;0.0;0.0,7.621289842063561e-05;0.0;0.0;0.0;7.621289842063561e-05;0.0;0.0;0.0;7.621289842063561e-05,3.999999975690116e-08;0.0;0.0;0.0;3.999999975690116e-08;0.0;0.0;0.0;3.999999975690116e-08
5,40000000,5.04,imu_link,-0.01863518683949109,-0.003661503720726249,-0.002761632641875524,5.5523918256930295e-06,0.00012173808818822401,9.80009171447583,-4.615570795727446e-10,5.330484785055429e-08,-4.989105558657073e-08,0.9999999999999973,0.0;0.0;0.0;0.0;0.0;0.0;0.0;0.0;0.0,7.621289842063561e-05;0.0;0.0;0.0;7.621289842063561e-05;0.0;0.0;0.0;7.621289842063561e-05,3.999999975690116e-08;0.0;0.0;0.0;3.999999975690116e-08;0.0;0.0;0.0;3.999999975690116e-08
5,60000000,5.06,imu_link,0.0005074751682459079,0.001904973503558159,0.0011408475080009629,0.00043116082234645166,4.237636099006269e-05,9.799952186158281,-4.615570796051351e-10,5.330484785072663e-08,-4.9891055586573884e-08,0.9999999999999973,0.0;0.0;0.0;0.0;0.0;0.0;0.0;0.0;0.0,7.621289842063561e-05;0.0;0.0;0.0;7.621289842063561e-05;0.0;0.0;0.0;7.621289842063561e-05,3.999999975690116e-08;0.0;0.0;0.0;3.999999975690116e-08;0.0;0.0;0.0;3.999999975690116e-08
5,80000000,5.08,imu_link,-0.0041892709496173085,-0.022499618785407384,-0.019992969769806492,8.140388898996397e-05,0.0002535739726285877,9.799838538540438,-4.615570793858143e-10,5.3304847850735064e-08,-4.989105558657848e-08,0.9999999999999973,0.0;0.0;0.0;0.0;0.0;0.0;0.0;0.0;0.0,7.621289842063561e-05;0.0;0.0;0.0;7.621289842063561e-05;0.0;0.0;0.0;7.621289842063561e-05,3.999999975690116e-08;0.0;0.0;0.0;3.999999975690116e-08;0.0;0.0;0.0;3.999999975690116e-08
5,100000000,5.1,imu_link,-0.02018302776918318,-0.015190044161086252,-0.014559691666180374,0.0007501971437075124,0.00010261956476129683,9.799965462351244,-4.615570795419686e-10,5.330484785044959e-08,-4.9891055586580164e-08,0.9999999999999973,0.0;0.0;0.0;0.0;0.0;0.0;0.0;0.0;0.0,7.621289842063561e-05;0.0;0.0;0.0;7.621289842063561e-05;0.0;0.0;0.0;7.621289842063561e-05,3.999999975690116e-08;0.0;0.0;0.0;3.999999975690116e-08;0.0;0.0;0.0;3.999999975690116e-08
5,120000000,5.12,imu_link,0.005156359297095921,-0.017436070778986432,-0.0011240836760143108,5.73922500489572e-05,0.00012706095297106276,9.799510661372066,-4.6155707955791645e-10,5.330484785062197e-08,-4.9891055586579925e-08,0.9999999999999973,0.0;0.0;0.0;0.0;0.0;0.0;0.0;0.0;0.0,7.621289842063561e-05;0.0;0.0;0.0;7.621289842063561e-05;0.0;0.0;0.0;7.621289842063561e-05,3.999999975690116e-08;0.0;0.0;0.0;3.999999975690116e-08;0.0;0.0;0.0;3.999999975690116e-08
5,140000000,5.14,imu_link,-0.015531224430766499,0.008295516427853134,0.0016201748465160541,0.00026249026915140634,0.00038867687088051014,9.799561051631866,-4.615570794902544e-10,5.3304847850286355e-08,-4.989105558658254e-08,0.9999999999999973,0.0;0.0;0.0;0.0;0.0;0.0;0.0;0.0;0.0,7.621289842063561e-05;0.0;0.0;0.0;7.621289842063561e-05;0.0;0.0;0.0;7.621289842063561e-05,3.999999975690116e-08;0.0;0.0;0.0;3.999999975690116e-08;0.0;0.0;0.0;3.999999975690116e-08
5,160000000,5.16,imu_link,0.0002953218985549387,0.0009032488150061723,0.008542127742284807,5.366742816107604e-06,0.000557388331176943,9.799587930446231,-4.6155707960489514e-10,5.330484785051548e-08,-4.989105558658425e-08,0.9999999999999973,0.0;0.0;0.0;0.0;0.0;0.0;0.0;0.0;0.0,7.621289842063561e-05;0.0;0.0;0.0;7.621289842063561e-05;0.0;0.0;0.0;7.621289842063561e-05,3.999999975690116e-08;0.0;0.0;0.0;3.999999975690116e-08;0.0;0.0;0.0;3.999999975690116e-08
5,180000000,5.18,imu_link,-0.012203626814217721,-0.004752565846441939,0.021417465555898976,-0.00010553139622523667,5.192836250217701e-07,9.799871988120579,-4.6155707939751067e-10,5.330484785064755e-08,-4.989105558658579e-08,0.9999999999999973,0.0;0.0;0.0;0.0;0.0;0.0;0.0;0.0;0.0,7.621289842063561e-05;0.0;0.0;0.0;7.621289842063561e-05;0.0;0.0;0.0;7.621289842063561e-05,3.999999975690116e-08;0.0;0.0;0.0;3.999999975690116e-08;0.0;0.0;0.0;3.999999975690116e-08
5,200000000,5.2,imu_link,0.006378461448954535,0.006665293814572015,-0.01549244678511149,0.0002352848064954569,0.00028855942474934813,9.799804743274585,-4.615570794271179e-10,5.330484785082416e-08,-4.989105558658834e-08,0.9999999999999973,0.0;0.0;0.0;0.0;0.0;0.0;0.0;0.0;0.0,7.621289842063561e-05;0.0;0.0;0.0;7.621289842063561e-05;0.0;0.0;0.0;7.621289842063561e-05,3.999999975690116e-08;0.0;0.0;0.0;3.999999975690116e-08;0.0;0.0;0.0;3.999999975690116e-08
5,220000000,5.22,imu_link,0.0014037098344572146,0.008644424371239042,-0.011296310374526691,0.0002600754828876688,0.00022038274202982542,9.799423233489895,-4.615570794921872e-10,5.330484785035664e-08,-4.9891055586589474e-08,0.9999999999999973,0.0;0.0;0.0;0.0;0.0;0.0;0.0;0.0;0.0,7.621289842063561e-05;0.0;0.0;0.0;7.621289842063561e-05;0.0;0.0;0.0;7.621289842063561e-05,3.999999975690116e-08;0.0;0.0;0.0;3.999999975690116e-08;0.0;0.0;0.0;3.999999975690116e-08
5,240000000,5.24,imu_link,-0.007790029057963421,0.010650110211503966,0.0016510280277280886,0.00017133948396160805,9.048408789511872e-05,9.799805831673876,-4.6155707950331e-10,5.3304847850419564e-08,-4.989105558659242e-08,0.9999999999999973,0.0;0.0;0.0;0.0;0.0;0.0;0.0;0.0;0.0,7.621289842063561e-05;0.0;0.0;0.0;7.621289842063561e-05;0.0;0.0;0.0;7.621289842063561e-05,3.999999975690116e-08;0.0;0.0;0.0;3.999999975690116e-08;0.0;0.0;0.0;3.999999975690116e-08
5,260000000,5.26,imu_link,0.003963663604612759,0.0020812214927384627,0.007939538018359914,-7.173975794415726e-05,4.0470995622942174e-05,9.799990103805365,-4.615570793881892e-10,5.330484785072566e-08,-4.9891055586593776e-08,0.9999999999999973,0.0;0.0;0.0;0.0;0.0;0.0;0.0;0.0;0.0,7.621289842063561e-05;0.0;0.0;0.0;7.621289842063561e-05;0.0;0.0;0.0;7.621289842063561e-05,3.999999975690116e-08;0.0;0.0;0.0;3.999999975690116e-08;0.0;0.0;0.0;3.999999975690116e-08
5,280000000,5.28,imu_link,0.008389583377515638,0.007093310507944427,0.015818974978476768,0.00017154549931243558,-4.294865439247045e-05,9.799995910673166,-4.6155707944463127e-10,5.3304847850250786e-08,-4.9891055586596224e-08,0.9999999999999973,0.0;0.0;0.0;0.0;0.0;0.0;0.0;0.0;0.0,7.621289842063561e-05;0.0;0.0;0.0;7.621289842063561e-05;0.0;0.0;0.0;7.621289842063561e-05,3.999999975690116e-08;0.0;0.0;0.0;3.999999975690116e-08;0.0;0.0;0.0;3.999999975690116e-08
5,300000000,5.3,imu_link,0.002115941261436155,0.0010255276892419262,-0.005953309442159532,1.7946049525288893e-05,9.622518833874565e-05,9.800050666891522,-4.6155707942715894e-10,5.3304847850606084e-08,-4.989105558659889e-08,0.9999999999999973,0.0;0.0;0.0;0.0;0.0;0.0;0.0;0.0;0.0,7.621289842063561e-05;0.0;0.0;0.0;7.621289842063561e-05;0.0;0.0;0.0;7.621289842063561e-05,3.999999975690116e-08;0.0;0.0;0.0;3.999999975690116e-08;0.0;0.0;0.0;3.999999975690116e-08
5,320000000,5.32,imu_link,-2.5066617800926255e-05,-0.005695267734308612,0.012508248551043067,5.5990006624868586e-05,0.0003308620749253493,9.79990652747743,-4.615570794584155e-10,5.330484785077452e-08,-4.98910555866023e-08,0.9999999999999973,0.0;0.0;0.0;0.0;0.0;0.0;0.0;0.0;0.0,7.621289842063561e-05;0.0;0.0;0.0;7.621289842063561e-05;0.0;0.0;0.0;7.621289842063561e-05,3.999999975690116e-08;0.0;0.0;0.0;3.999999975690116e-08;0.0;0.0;0.0;3.999999975690116e-08
5,340000000,5.34,imu_link,-0.0019005774771186617,0.004898726047640304,0.011970194408387123,0.00018590112327333377,-1.4091674240289262e-05,9.800105850822037,-4.6155707941207727e-10,5.330484785025262e-08,-4.989105558660612e-08,0.9999999999999973,0.0;0.0;0.0;0.0;0.0;0.0;0.0;0.0;0.0,7.621289842063561e-05;0.0;0.0;0.0;7.621289842063561e-05;0.0;0.0;0.0;7.621289842063561e-05,3.999999975690116e-08;0.0;0.0;0.0;3.999999975690116e-08;0.0;0.0;0.0;3.999999975690116e-08
5,360000000,5.36,imu_link,-0.004565867376745031,-0.010571643567282185,0.00787371987106981,-2.6574808767110012e-05,-7.607289058781831e-06,9.799687669697963,-4.6155707943454856e-10,5.330484785041712e-08,-4.9891055586609366e-08,0.9999999999999973,0.0;0.0;0.0;0.0;0.0;0.0;0.0;0.0;0.0,7.621289842063561e-05;0.0;0.0;0.0;7.621289842063561e-05;0.0;0.0;0.0;7.621289842063561e-05,3.999999975690116e-08;0.0;0.0;0.0;3.999999975690116e-08;0.0;0.0;0.0;3.999999975690116e-08
5,380000000,5.38,imu_link,0.0065825299593901005,-0.0039886250032688695,0.008619009435833958,3.6002375555558154e-05,0.00026123134831420973,9.799738327874621,-4.615570794275814e-10,5.330484785077163e-08,-4.989105558661168e-08,0.9999999999999973,0.0;0.0;0.0;0.0;0.0;0.0;0.0;0.0;0.0,7.621289842063561e-05;0.0;0.0;0.0;7.621289842063561e-05;0.0;0.0;0.0;7.621289842063561e-05,3.999999975690116e-08;0.0;0.0;0.0;3.999999975690116e-08;0.0;0.0;0.0;3.999999975690116e-08
5,400000000,5.4,imu_link,0.006382629926691519,-0.009519680457023033,-0.007149870682726742,4.488967097644427e-05,0.00018290079008087187,9.799946803495363,-4.61557079584427e-10,5.330484785036039e-08,-4.989105558661336e-08,0.9999999999999973,0.0;0.0;0.0;0.0;0.0;0.0;0.0;0.0;0.0,7.621289842063561e-05;0.0;0.0;0.0;7.621289842063561e-05;0.0;0.0;0.0;7.621289842063561e-05,3.999999975690116e-08;0.0;0.0;0.0;3.999999975690116e-08;0.0;0.0;0.0;3.999999975690116e-08
5,420000000,5.42,imu_link,0.007540846789794915,0.018523413100269257,0.006571496447172556,0.00034599570059966984,0.00018920877962624096,9.800307744096601,-4.6155707960798213e-10,5.330484785052344e-08,-4.989105558661812e-08,0.9999999999999973,0.0;0.0;0.0;0.0;0.0;0.0;0.0;0.0;0.0,7.621289842063561e-05;0.0;0.0;0.0;7.621289842063561e-05;0.0;0.0;0.0;7.621289842063561e-05,3.999999975690116e-08;0.0;0.0;0.0;3.999999975690116e-08;0.0;0.0;0.0;3.999999975690116e-08
5,440000000,5.44,imu_link,-0.0027620130983808974,-0.0028031615078367195,-0.0035182538235705714,-1.7168400571827914e-05,4.591260774639306e-06,9.799707775922213,-4.615570793934941e-10,5.330484785065465e-08,-4.9891055586621126e-08,0.9999999999999973,0.0;0.0;0.0;0.0;0.0;0.0;0.0;0.0;0.0,7.621289842063561e-05;0.0;0.0;0.0;7.621289842063561e-05;0.0;0.0;0.0;7.621289842063561e-05,3.999999975690116e-08;0.0;0.0;0.0;3.999999975690116e-08;0.0;0.0;0.0;3.999999975690116e-08
5,460000000,5.46,imu_link,-0.002709968163108475,-0.007601698349076653,-0.0021568562967892533,0.00011689607482154684,8.590525210820368e-05,9.800383275940629,-4.615570795593028e-10,5.3304847850368326e-08,-4.989105558662248e-08,0.9999999999999973,0.0;0.0;0.0;0.0;0.0;0.0;0.0;0.0;0.0,7.621289842063561e-05;0.0;0.0;0.0;7.621289842063561e-05;0.0;0.0;0.0;7.621289842063561e-05,3.999999975690116e-08;0.0;0.0;0.0;3.999999975690116e-08;0.0;0.0;0.0;3.999999975690116e-08
5,480000000,5.48,imu_link,0.00028931671269837814,-0.013256927678975813,-0.012422726060749689,0.0002421149426098824,1.0905790336245672e-05,9.799779219054455,-4.6155707957831276e-10,5.330484785041519e-08,-4.989105558662225e-08,0.9999999999999973,0.0;0.0;0.0;0.0;0.0;0.0;0.0;0.0;0.0,7.621289842063561e-05;0.0;0.0;0.0;7.621289842063561e-05;0.0;0.0;0.0;7.621289842063561e-05,3.999999975690116e-08;0.0;0.0;0.0;3.999999975690116e-08;0.0;0.0;0.0;3.999999975690116e-08
5,500000000,5.5,imu_link,0.002772447123951659,0.011139123909392045,-0.018224138325654726,0.0002816628483252221,0.00020994753720555244,9.799761410566134,-4.615570794453709e-10,5.33048478507091e-08,-4.989105558662327e-08,0.9999999999999973,0.0;0.0;0.0;0.0;0.0;0.0;0.0;0.0;0.0,7.621289842063561e-05;0.0;0.0;0.0;7.621289842063561e-05;0.0;0.0;0.0;7.621289842063561e-05,3.999999975690116e-08;0.0;0.0;0.0;3.999999975690116e-08;0.0;0.0;0.0;3.999999975690116e-08
5,520000000,5.52,imu_link,0.0015409950161251562,0.005834327558194316,-0.004574197952947372,6.273134392733719e-05,0.00020412417268849434,9.79960219681957,-4.615570794799435e-10,5.330484785088818e-08,-4.9891055586623316e-08,0.9999999999999973,0.0;0.0;0.0;0.0;0.0;0.0;0.0;0.0;0.0,7.621289842063561e-05;0.0;0.0;0.0;7.621289842063561e-05;0.0;0.0;0.0;7.621289842063561e-05,3.999999975690116e-08;0.0;0.0;0.0;3.999999975690116e-08;0.0;0.0;0.0;3.999999975690116e-08
5,540000000,5.54,imu_link,-0.026232718386521647,0.009477845428476394,-0.00045429717646324093,6.027987728394267e-05,0.00014664237079089126,9.799743528985037,-4.6155707953537454e-10,5.330484785040921e-08,-4.989105558662371e-08,0.9999999999999973,0.0;0.0;0.0;0.0;0.0;0.0;0.0;0.0;0.0,7.621289842063561e-05;0.0;0.0;0.0;7.621289842063561e-05;0.0;0.0;0.0;7.621289842063561e-05,3.999999975690116e-08;0.0;0.0;0.0;3.999999975690116e-08;0.0;0.0;0.0;3.999999975690116e-08
5,560000000,5.5600000000000005,imu_link,0.018439321294644217,0.010377293470646348,-0.011109328544603536,0.00026721621264525137,-5.104156084413856e-05,9.800073401863363,-4.6155707954403564e-10,5.330484785057479e-08,-4.9891055586622535e-08,0.9999999999999973,0.0;0.0;0.0;0.0;0.0;0.0;0.0;0.0;0.0,7.621289842063561e-05;0.0;0.0;0.0;7.621289842063561e-05;0.0;0.0;0.0;7.621289842063561e-05,3.999999975690116e-08;0.0;0.0;0.0;3.999999975690116e-08;0.0;0.0;0.0;3.999999975690116e-08
5,580000000,5.58,imu_link,-0.0048015682405107675,-0.009750307831333103,-0.0011241503806724586,-0.00028482761183513613,0.0004125908667900322,9.799968927803953,-4.6155707959008483e-10,5.330484785075909e-08,-4.989105558662253e-08,0.9999999999999973,0.0;0.0;0.0;0.0;0.0;0.0;0.0;0.0;0.0,7.621289842063561e-05;0.0;0.0;0.0;7.621289842063561e-05;0.0;0.0;0.0;7.621289842063561e-05,3.999999975690116e-08;0.0;0.0;0.0;3.999999975690116e-08;0.0;0.0;0.0;3.999999975690116e-08
5,600000000,5.6,imu_link,0.002649735487155147,0.010582889857869583,0.01289066850776675,-5.09460312110694e-05,-0.0002771484129838114,9.799857059567662,-4.61557079372345e-10,5.330484785088148e-08,-4.9891055586620636e-08,0.9999999999999973,0.0;0.0;0.0;0.0;0.0;0.0;0.0;0.0;0.0,7.621289842063561e-05;0.0;0.0;0.0;7.621289842063561e-05;0.0;0.0;0.0;7.621289842063561e-05,3.999999975690116e-08;0.0;0.0;0.0;3.999999975690116e-08;0.0;0.0;0.0;3.999999975690116e-08
5,620000000,5.62,imu_link,0.010293454151730799,-0.0030911968544715005,-0.0013227067952433322,0.00034359285007853343,5.8650899914369446e-05,9.799893355929987,-4.615570793791354e-10,5.330484785057746e-08,-4.989105558661986e-08,0.9999999999999973,0.0;0.0;0.0;0.0;0.0;0.0;0.0;0.0;0.0,7.621289842063561e-05;0.0;0.0;0.0;7.621289842063561e-05;0.0;0.0;0.0;7.621289842063561e-05,3.999999975690116e-08;0.0;0.0;0.0;3.999999975690116e-08;0.0;0.0;0.0;3.999999975690116e-08
5,640000000,5.64,imu_link,0.008003682559722343,0.007979411027405259,-0.003412261371460646,9.360428649724792e-05,8.674070306275443e-05,9.799798301050854,-4.615570795438362e-10,5.330484785063542e-08,-4.9891055586620014e-08,0.9999999999999973,0.0;0.0;0.0;0.0;0.0;0.0;0.0;0.0;0.0,7.621289842063561e-05;0.0;0.0;0.0;7.621289842063561e-05;0.0;0.0;0.0;7.621289842063561e-05,3.999999975690116e-08;0.0;0.0;0.0;3.999999975690116e-08;0.0;0.0;0.0;3.999999975690116e-08
5,660000000,5.66,imu_link,-0.005974625005013396,-0.005244466415571382,0.018417998040385974,5.498645838861256e-05,-5.2722039534551916e-05,9.80000703188481,-4.615570795525743e-10,5.3304847850339156e-08,-4.9891055586619207e-08,0.9999999999999973,0.0;0.0;0.0;0.0;0.0;0.0;0.0;0.0;0.0,7.621289842063561e-05;0.0;0.0;0.0;7.621289842063561e-05;0.0;0.0;0.0;7.621289842063561e-05,3.999999975690116e-08;0.0;0.0;0.0;3.999999975690116e-08;0.0;0.0;0.0;3.999999975690116e-08
5,680000000,5.68,imu_link,-0.0031712784204532343,-0.0005390485373954901,0.006444852029266744,0.00011711753285388723,0.000252473238997499,9.800149168930483,-4.615570795670649e-10,5.330484785049985e-08,-4.989105558661878e-08,0.9999999999999973,0.0;0.0;0.0;0.0;0.0;0.0;0.0;0.0;0.0,7.621289842063561e-05;0.0;0.0;0.0;7.621289842063561e-05;0.0;0.0;0.0;7.621289842063561e-05,3.999999975690116e-08;0.0;0.0;0.0;3.999999975690116e-08;0.0;0.0;0.0;3.999999975690116e-08
5,700000000,5.7,imu_link,0.008515111565858833,-0.015505416929794036,-0.007403971362494302,0.0001147598144993047,0.00016727185651037307,9.799827511744851,-4.615570795927932e-10,5.330484785067061e-08,-4.989105558661793e-08,0.9999999999999973,0.0;0.0;0.0;0.0;0.0;0.0;0.0;0.0;0.0,7.621289842063561e-05;0.0;0.0;0.0;7.621289842063561e-05;0.0;0.0;0.0;7.621289842063561e-05,3.999999975690116e-08;0.0;0.0;0.0;3.999999975690116e-08;0.0;0.0;0.0;3.999999975690116e-08
5,720000000,5.72,imu_link,-0.00691473677852607,0.004183304556153318,0.005287504126891586,0.00010703766232709905,0.00019806917970213034,9.800032416379098,-4.615570796093485e-10,5.33048478503735e-08,-4.9891055586616586e-08,0.9999999999999973,0.0;0.0;0.0;0.0;0.0;0.0;0.0;0.0;0.0,7.621289842063561e-05;0.0;0.0;0.0;7.621289842063561e-05;0.0;0.0;0.0;7.621289842063561e-05,3.999999975690116e-08;0.0;0.0;0.0;3.999999975690116e-08;0.0;0.0;0.0;3.999999975690116e-08
5,740000000,5.74,imu_link,-0.01076192687895871,-0.003414914782873759,-0.01848309929014243,0.00032659652051644496,-0.00011325645162287708,9.79982940044756,-4.6155707951865463e-10,5.330484785048501e-08,-4.9891055586618154e-08,0.9999999999999973,0.0;0.0;0.0;0.0;0.0;0.0;0.0;0.0;0.0,7.621289842063561e-05;0.0;0.0;0.0;7.621289842063561e-05;0.0;0.0;0.0;7.621289842063561e-05,3.999999975690116e-08;0.0;0.0;0.0;3.999999975690116e-08;0.0;0.0;0.0;3.999999975690116e-08
5,760000000,5.76,imu_link,-0.011190167854611596,0.00805640034547411,0.0007970926100537753,5.906983932396895e-05,-0.000303712142758198,9.800518796025258,-4.6155707966022815e-10,5.330484785071088e-08,-4.989105558661864e-08,0.9999999999999973,0.0;0.0;0.0;0.0;0.0;0.0;0.0;0.0;0.0,7.621289842063561e-05;0.0;0.0;0.0;7.621289842063561e-05;0.0;0.0;0.0;7.621289842063561e-05,3.999999975690116e-08;0.0;0.0;0.0;3.999999975690116e-08;0.0;0.0;0.0;3.999999975690116e-08
5,780000000,5.78,imu_link,0.003399159659949357,0.010737024670417475,0.007881032970821758,-0.000172102309762531,8.093340199959064e-05,9.799721894226138,-4.615570794282503e-10,5.330484785082992e-08,-4.989105558661873e-08,0.9999999999999973,0.0;0.0;0.0;0.0;0.0;0.0;0.0;0.0;0.0,7.621289842063561e-05;0.0;0.0;0.0;7.621289842063561e-05;0.0;0.0;0.0;7.621289842063561e-05,3.999999975690116e-08;0.0;0.0;0.0;3.999999975690116e-08;0.0;0.0;0.0;3.999999975690116e-08
5,800000000,5.8,imu_link,-0.005892472930858091,0.008203953299691763,0.004750412231742953,-0.000186009922530489,0.00020225511078497552,9.800309039595815,-4.615570794950876e-10,5.330484785034926e-08,-4.9891055586618293e-08,0.9999999999999973,0.0;0.0;0.0;0.0;0.0;0.0;0.0;0.0;0.0,7.621289842063561e-05;0.0;0.0;0.0;7.621289842063561e-05;0.0;0.0;0.0;7.621289842063561e-05,3.999999975690116e-08;0.0;0.0;0.0;3.999999975690116e-08;0.0;0.0;0.0;3.999999975690116e-08
5,820000000,5.82,imu_link,0.005712433761123165,0.0020659114334543333,0.003147922245521354,-4.7293570017165626e-05,-0.000312132569326396,9.799530866333527,-4.615570794794371e-10,5.330484785070877e-08,-4.989105558661663e-08,0.9999999999999973,0.0;0.0;0.0;0.0;0.0;0.0;0.0;0.0;0.0,7.621289842063561e-05;0.0;0.0;0.0;7.621289842063561e-05;0.0;0.0;0.0;7.621289842063561e-05,3.999999975690116e-08;0.0;0.0;0.0;3.999999975690116e-08;0.0;0.0;0.0;3.999999975690116e-08
5,840000000,5.84,imu_link,0.005480192641449307,0.006196511626396141,-0.0037127472610373516,0.0002162592592248683,-0.0003312963133096591,9.799934077205881,-4.615570795188532e-10,5.330484785088531e-08,-4.9891055586614277e-08,0.9999999999999973,0.0;0.0;0.0;0.0;0.0;0.0;0.0;0.0;0.0,7.621289842063561e-05;0.0;0.0;0.0;7.621289842063561e-05;0.0;0.0;0.0;7.621289842063561e-05,3.999999975690116e-08;0.0;0.0;0.0;3.999999975690116e-08;0.0;0.0;0.0;3.999999975690116e-08
5,860000000,5.86,imu_link,0.0001865753346935291,0.001402038994980907,0.006399499902370647,0.00020823742673947037,-0.000198536279830614,9.79994690262241,-4.6155707960071726e-10,5.330484785041294e-08,-4.9891055586611894e-08,0.9999999999999973,0.0;0.0;0.0;0.0;0.0;0.0;0.0;0.0;0.0,7.621289842063561e-05;0.0;0.0;0.0;7.621289842063561e-05;0.0;0.0;0.0;7.621289842063561e-05,3.999999975690116e-08;0.0;0.0;0.0;3.999999975690116e-08;0.0;0.0;0.0;3.999999975690116e-08
5,880000000,5.88,imu_link,0.0025412087787386613,0.0009867149667995112,-0.014988172823648139,0.0003856981194389423,8.543895110722659e-05,9.7999962719316,-4.615570794032115e-10,5.330484785053828e-08,-4.989105558661193e-08,0.9999999999999973,0.0;0.0;0.0;0.0;0.0;0.0;0.0;0.0;0.0,7.621289842063561e-05;0.0;0.0;0.0;7.621289842063561e-05;0.0;0.0;0.0;7.621289842063561e-05,3.999999975690116e-08;0.0;0.0;0.0;3.999999975690116e-08;0.0;0.0;0.0;3.999999975690116e-08
5,900000000,5.9,imu_link,-0.0011311670609196762,-0.011091866602748215,-0.00228842516936776,0.00036144929513586997,-8.363114358339763e-05,9.79978167396698,-4.615570795642657e-10,5.330484785070447e-08,-4.9891055586611385e-08,0.9999999999999973,0.0;0.0;0.0;0.0;0.0;0.0;0.0;0.0;0.0,7.621289842063561e-05;0.0;0.0;0.0;7.621289842063561e-05;0.0;0.0;0.0;7.621289842063561e-05,3.999999975690116e-08;0.0;0.0;0.0;3.999999975690116e-08;0.0;0.0;0.0;3.999999975690116e-08
5,920000000,5.92,imu_link,-0.022524842069518367,0.006699928718764692,-0.004466299511633122,-8.021892642298436e-05,3.149909986166312e-05,9.79990546266113,-4.615570795993527e-10,5.3304847850415395e-08,-4.989105558660917e-08,0.9999999999999973,0.0;0.0;0.0;0.0;0.0;0.0;0.0;0.0;0.0,7.621289842063561e-05;0.0;0.0;0.0;7.621289842063561e-05;0.0;0.0;0.0;7.621289842063561e-05,3.999999975690116e-08;0.0;0.0;0.0;3.999999975690116e-08;0.0;0.0;0.0;3.999999975690116e-08
5,940000000,5.94,imu_link,0.00034668043465543223,-0.0044075749719500405,-0.00836771903290687,4.0241715586012385e-05,0.00029539946800513086,9.799904183009843,-4.615570794033345e-10,5.3304847850541636e-08,-4.98910555866069e-08,0.9999999999999973,0.0;0.0;0.0;0.0;0.0;0.0;0.0;0.0;0.0,7.621289842063561e-05;0.0;0.0;0.0;7.621289842063561e-05;0.0;0.0;0.0;7.621289842063561e-05,3.999999975690116e-08;0.0;0.0;0.0;3.999999975690116e-08;0.0;0.0;0.0;3.999999975690116e-08
5,960000000,5.96,imu_link,-0.0039877533695872845,-0.001109029936550694,-0.005833431715287786,0.00018794281042353256,0.0001471590357997861,9.80002356696667,-4.615570794416116e-10,5.330484785071436e-08,-4.989105558660446e-08,0.9999999999999973,0.0;0.0;0.0;0.0;0.0;0.0;0.0;0.0;0.0,7.621289842063561e-05;0.0;0.0;0.0;7.621289842063561e-05;0.0;0.0;0.0;7.621289842063561e-05,3.999999975690116e-08;0.0;0.0;0.0;3.999999975690116e-08;0.0;0.0;0.0;3.999999975690116e-08
5,980000000,5.98,imu_link,0.0010360029398109871,-0.005602401488389271,-8.578061652869994e-05,6.0921136150315646e-05,0.00024271230920056204,9.800349894334614,-4.6155707960421933e-10,5.330484785041729e-08,-4.9891055586602914e-08,0.9999999999999973,0.0;0.0;0.0;0.0;0.0;0.0;0.0;0.0;0.0,7.621289842063561e-05;0.0;0.0;0.0;7.621289842063561e-05;0.0;0.0;0.0;7.621289842063561e-05,3.999999975690116e-08;0.0;0.0;0.0;3.999999975690116e-08;0.0;0.0;0.0;3.999999975690116e-08
6,0,6.0,imu_link,0.0029212645252271836,0.01146928747104052,-0.0037580651943683943,6.610301263823784e-05,-0.00022810130932376666,9.80011483965408,-4.615570793796004e-10,5.3304847850541835e-08,-4.9891055586600036e-08,0.9999999999999973,0.0;0.0;0.0;0.0;0.0;0.0;0.0;0.0;0.0,7.621289842063561e-05;0.0;0.0;0.0;7.621289842063561e-05;0.0;0.0;0.0;7.621289842063561e-05,3.999999975690116e-08;0.0;0.0;0.0;3.999999975690116e-08;0.0;0.0;0.0;3.999999975690116e-08
6,20000000,6.02,imu_link,-0.009369565919656715,0.0005719058226712548,0.008752993373429338,0.0001517689675221318,0.00030650363608834873,9.799790023084391,-4.6155707941595726e-10,5.3304847850709865e-08,-4.9891055586598573e-08,0.9999999999999973,0.0;0.0;0.0;0.0;0.0;0.0;0.0;0.0;0.0,7.621289842063561e-05;0.0;0.0;0.0;7.621289842063561e-05;0.0;0.0;0.0;7.621289842063561e-05,3.999999975690116e-08;0.0;0.0;0.0;3.999999975690116e-08;0.0;0.0;0.0;3.999999975690116e-08
6,40000000,6.04,imu_link,-0.0028843591421864575,0.015573743612232752,0.01371120336025064,0.00032945788130993124,5.5844142562999894e-05,9.799488731853247,-4.6155707945240434e-10,5.330484785088295e-08,-4.989105558659597e-08,0.9999999999999973,0.0;0.0;0.0;0.0;0.0;0.0;0.0;0.0;0.0,7.621289842063561e-05;0.0;0.0;0.0;7.621289842063561e-05;0.0;0.0;0.0;7.621289842063561e-05,3.999999975690116e-08;0.0;0.0;0.0;3.999999975690116e-08;0.0;0.0;0.0;3.999999975690116e-08
6,60000000,6.06,imu_link,0.006392700435531156,-0.0017198127510321883,0.008235175286756496,4.116662688654885e-05,-0.0002957863684675742,9.800627406831596,-4.615570795233219e-10,5.330484785040427e-08,-4.989105558659289e-08,0.9999999999999973,0.0;0.0;0.0;0.0;0.0;0.0;0.0;0.0;0.0,7.621289842063561e-05;0.0;0.0;0.0;7.621289842063561e-05;0.0;0.0;0.0;7.621289842063561e-05,3.999999975690116e-08;0.0;0.0;0.0;3.999999975690116e-08;0.0;0.0;0.0;3.999999975690116e-08
6,80000000,6.08,imu_link,-0.0008057376898709602,0.009352888196998487,-0.0020883902456584158,0.000193527376042456,0.0003840137704814212,9.799996495517407,-4.615570794146461e-10,5.330484785071456e-08,-4.9891055586592545e-08,0.9999999999999973,0.0;0.0;0.0;0.0;0.0;0.0;0.0;0.0;0.0,7.621289842063561e-05;0.0;0.0;0.0;7.621289842063561e-05;0.0;0.0;0.0;7.621289842063561e-05,3.999999975690116e-08;0.0;0.0;0.0;3.999999975690116e-08;0.0;0.0;0.0;3.999999975690116e-08
6,100000000,6.1,imu_link,0.00854982565196327,-0.0029256153714756644,-0.003738686009209465,3.062607632812645e-05,0.0002990178229716895,9.799991766359426,-4.615570794257221e-10,5.330484785088379e-08,-4.989105558659389e-08,0.9999999999999973,0.0;0.0;0.0;0.0;0.0;0.0;0.0;0.0;0.0,7.621289842063561e-05;0.0;0.0;0.0;7.621289842063561e-05;0.0;0.0;0.0;7.621289842063561e-05,3.999999975690116e-08;0.0;0.0;0.0;3.999999975690116e-08;0.0;0.0;0.0;3.999999975690116e-08
6,120000000,6.12,imu_link,-0.003334392252400793,0.003338783412453319,-0.004366560584802402,-0.00024192525247401753,0.00014087880762958817,9.799583351598352,-4.615570794748009e-10,5.330484785029025e-08,-4.989105558659345e-08,0.9999999999999973,0.0;0.0;0.0;0.0;0.0;0.0;0.0;0.0;0.0,7.621289842063561e-05;0.0;0.0;0.0;7.621289842063561e-05;0.0;0.0;0.0;7.621289842063561e-05,3.999999975690116e-08;0.0;0.0;0.0;3.999999975690116e-08;0.0;0.0;0.0;3.999999975690116e-08
6,140000000,6.14,imu_link,0.013648830260533776,-0.009530086126968434,-0.016954880540659793,0.0001252908064250398,0.00015332319169306113,9.800130215144259,-4.615570795974221e-10,5.3304847850644425e-08,-4.989105558659482e-08,0.9999999999999973,0.0;0.0;0.0;0.0;0.0;0.0;0.0;0.0;0.0,7.621289842063561e-05;0.0;0.0;0.0;7.621289842063561e-05;0.0;0.0;0.0;7.621289842063561e-05,3.999999975690116e-08;0.0;0.0;0.0;3.999999975690116e-08;0.0;0.0;0.0;3.999999975690116e-08
6,160000000,6.16,imu_link,0.020445459305110936,0.0037462658822267035,-0.01007863014902574,0.0001493176758208472,0.00020911838398720255,9.800161232265683,-4.6155707960926224e-10,5.330484785034836e-08,-4.989105558659558e-08,0.9999999999999973,0.0;0.0;0.0;0.0;0.0;0.0;0.0;0.0;0.0,7.621289842063561e-05;0.0;0.0;0.0;7.621289842063561e-05;0.0;0.0;0.0;7.621289842063561e-05,3.999999975690116e-08;0.0;0.0;0.0;3.999999975690116e-08;0.0;0.0;0.0;3.999999975690116e-08
6,180000000,6.18,imu_link,0.0018494150073728574,0.009342927358343002,-0.004834292333567916,8.268103412922999e-05,0.0004968249964124465,9.79979354953464,-4.615570793719433e-10,5.3304847850472206e-08,-4.989105558659703e-08,0.9999999999999973,0.0;0.0;0.0;0.0;0.0;0.0;0.0;0.0;0.0,7.621289842063561e-05;0.0;0.0;0.0;7.621289842063561e-05;0.0;0.0;0.0;7.621289842063561e-05,3.999999975690116e-08;0.0;0.0;0.0;3.999999975690116e-08;0.0;0.0;0.0;3.999999975690116e-08
6,200000000,6.2,imu_link,0.00523857234060535,0.00141472493888483,-0.0013884238222781995,0.000349981461858195,0.00019715050848118505,9.799453583727887,-4.615570793833101e-10,5.330484785064791e-08,-4.9891055586598216e-08,0.9999999999999973,0.0;0.0;0.0;0.0;0.0;0.0;0.0;0.0;0.0,7.621289842063561e-05;0.0;0.0;0.0;7.621289842063561e-05;0.0;0.0;0.0;7.621289842063561e-05,3.999999975690116e-08;0.0;0.0;0.0;3.999999975690116e-08;0.0;0.0;0.0;3.999999975690116e-08
6,220000000,6.22,imu_link,0.0065720795368223615,-0.0036197603048402317,-0.001741981857876463,-4.0517120401230956e-05,0.00029222809188475865,9.79956450414582,-4.6155707941939803e-10,5.33048478508157e-08,-4.989105558659979e-08,0.9999999999999973,0.0;0.0;0.0;0.0;0.0;0.0;0.0;0.0;0.0,7.621289842063561e-05;0.0;0.0;0.0;7.621289842063561e-05;0.0;0.0;0.0;7.621289842063561e-05,3.999999975690116e-08;0.0;0.0;0.0;3.999999975690116e-08;0.0;0.0;0.0;3.999999975690116e-08
6,240000000,6.24,imu_link,-0.012119151546644839,-0.002566020993140141,-0.0014846585910842404,0.0002661188332397302,2.3497599731393855e-05,9.799756893061232,-4.615570794869818e-10,5.330484785033741e-08,-4.989105558660267e-08,0.9999999999999973,0.0;0.0;0.0;0.0;0.0;0.0;0.0;0.0;0.0,7.621289842063561e-05;0.0;0.0;0.0;7.621289842063561e-05;0.0;0.0;0.0;7.621289842063561e-05,3.999999975690116e-08;0.0;0.0;0.0;3.999999975690116e-08;0.0;0.0;0.0;3.999999975690116e-08
6,260000000,6.26,imu_link,-0.013220847724032817,-0.011924670439828776,-0.0015336296264655584,-5.5910048905662585e-06,-2.100075193255555e-05,9.800029823435711,-4.615570795097305e-10,5.330484785050059e-08,-4.989105558660451e-08,0.9999999999999973,0.0;0.0;0.0;0.0;0.0;0.0;0.0;0.0;0.0,7.621289842063561e-05;0.0;0.0;0.0;7.621289842063561e-05;0.0;0.0;0.0;7.621289842063561e-05,3.999999975690116e-08;0.0;0.0;0.0;3.999999975690116e-08;0.0;0.0;0.0;3.999999975690116e-08
6,280000000,6.28,imu_link,-0.0011134599277402395,0.00128576844082166,0.0047280779524326,6.651725051883921e-05,-7.060814146975621e-05,9.799524807682813,-4.6155707950604525e-10,5.3304847850860756e-08,-4.9891055586607705e-08,0.9999999999999973,0.0;0.0;0.0;0.0;0.0;0.0;0.0;0.0;0.0,7.621289842063561e-05;0.0;0.0;0.0;7.621289842063561e-05;0.0;0.0;0.0;7.621289842063561e-05,3.999999975690116e-08;0.0;0.0;0.0;3.999999975690116e-08;0.0;0.0;0.0;3.999999975690116e-08
6,300000000,6.3,imu_link,0.008060731104016927,0.0036042826988183533,0.0059617369171567946,0.0004637849191932344,0.00012633833113854547,9.799894990683665,-4.6155707956741755e-10,5.330484785038228e-08,-4.989105558660982e-08,0.9999999999999973,0.0;0.0;0.0;0.0;0.0;0.0;0.0;0.0;0.0,7.621289842063561e-05;0.0;0.0;0.0;7.621289842063561e-05;0.0;0.0;0.0;7.621289842063561e-05,3.999999975690116e-08;0.0;0.0;0.0;3.999999975690116e-08;0.0;0.0;0.0;3.999999975690116e-08
6,320000000,6.32,imu_link,0.011775670584081051,0.0034884588191644956,0.015914563226123925,-0.00014866011168481385,0.0002200337837046455,9.80000060109985,-4.615570794748271e-10,5.330484785038508e-08,-4.989105558661339e-08,0.9999999999999973,0.0;0.0;0.0;0.0;0.0;0.0;0.0;0.0;0.0,7.621289842063561e-05;0.0;0.0;0.0;7.621289842063561e-05;0.0;0.0;0.0;7.621289842063561e-05,3.999999975690116e-08;0.0;0.0;0.0;3.999999975690116e-08;0.0;0.0;0.0;3.999999975690116e-08
6,340000000,6.34,imu_link,-0.0020525522661438184,-0.00016862674127719488,-0.0021939476262545455,-2.9116124369653597e-05,0.00013563998505892655,9.799942444280182,-4.6155707959674906e-10,5.330484785061871e-08,-4.9891055586615375e-08,0.9999999999999973,0.0;0.0;0.0;0.0;0.0;0.0;0.0;0.0;0.0,7.621289842063561e-05;0.0;0.0;0.0;7.621289842063561e-05;0.0;0.0;0.0;7.621289842063561e-05,3.999999975690116e-08;0.0;0.0;0.0;3.999999975690116e-08;0.0;0.0;0.0;3.999999975690116e-08
6,360000000,6.36,imu_link,0.0033875251730026536,0.0010982426345119605,-0.001706233662278509,0.00025302848893765645,0.00014842176063726114,9.799879410701656,-4.6155707950507926e-10,5.3304847850268435e-08,-4.9891055586618644e-08,0.9999999999999973,0.0;0.0;0.0;0.0;0.0;0.0;0.0;0.0;0.0,7.621289842063561e-05;0.0;0.0;0.0;7.621289842063561e-05;0.0;0.0;0.0;7.621289842063561e-05,3.999999975690116e-08;0.0;0.0;0.0;3.999999975690116e-08;0.0;0.0;0.0;3.999999975690116e-08
6,380000000,6.38,imu_link,-0.001607367405315777,0.007838973399566377,0.00594539697505639,9.050061322980022e-05,1.8957020782789635e-05,9.800009055440396,-4.615570795299198e-10,5.330484785044752e-08,-4.9891055586620305e-08,0.9999999999999973,0.0;0.0;0.0;0.0;0.0;0.0;0.0;0.0;0.0,7.621289842063561e-05;0.0;0.0;0.0;7.621289842063561e-05;0.0;0.0;0.0;7.621289842063561e-05,3.999999975690116e-08;0.0;0.0;0.0;3.999999975690116e-08;0.0;0.0;0.0;3.999999975690116e-08
6,400000000,6.4,imu_link,0.003795369820869774,0.0023027993580288664,0.011282517108654588,7.392595949392367e-05,0.0003751446849098568,9.799693372313543,-4.615570795459036e-10,5.3304847850609154e-08,-4.98910555866207e-08,0.9999999999999973,0.0;0.0;0.0;0.0;0.0;0.0;0.0;0.0;0.0,7.621289842063561e-05;0.0;0.0;0.0;7.621289842063561e-05;0.0;0.0;0.0;7.621289842063561e-05,3.999999975690116e-08;0.0;0.0;0.0;3.999999975690116e-08;0.0;0.0;0.0;3.999999975690116e-08
6,420000000,6.42,imu_link,0.003954080676771163,-0.014141145398415992,-0.0013494167528689822,-0.00015872802414651746,0.0003964125815255165,9.799850499435648,-4.615570795698798e-10,5.330484785031923e-08,-4.989105558662225e-08,0.9999999999999973,0.0;0.0;0.0;0.0;0.0;0.0;0.0;0.0;0.0,7.621289842063561e-05;0.0;0.0;0.0;7.621289842063561e-05;0.0;0.0;0.0;7.621289842063561e-05,3.999999975690116e-08;0.0;0.0;0.0;3.999999975690116e-08;0.0;0.0;0.0;3.999999975690116e-08
6,440000000,6.44,imu_link,0.0017208619884825894,-0.0016225687691596691,-0.001293814893503453,0.00013534019409060387,1.8250107916560789e-06,9.799801160612775,-4.6155707960892413e-10,5.330484785049102e-08,-4.989105558662466e-08,0.9999999999999973,0.0;0.0;0.0;0.0;0.0;0.0;0.0;0.0;0.0,7.621289842063561e-05;0.0;0.0;0.0;7.621289842063561e-05;0.0;0.0;0.0;7.621289842063561e-05,3.999999975690116e-08;0.0;0.0;0.0;3.999999975690116e-08;0.0;0.0;0.0;3.999999975690116e-08
6,460000000,6.46,imu_link,0.0008420241166260745,-0.006524649365096535,0.0011053661608740114,0.00019461652551166798,2.994095528493216e-05,9.799856478521349,-4.6155707951811376e-10,5.330484785049115e-08,-4.9891055586623845e-08,0.9999999999999973,0.0;0.0;0.0;0.0;0.0;0.0;0.0;0.0;0.0,7.621289842063561e-05;0.0;0.0;0.0;7.621289842063561e-05;0.0;0.0;0.0;7.621289842063561e-05,3.999999975690116e-08;0.0;0.0;0.0;3.999999975690116e-08;0.0;0.0;0.0;3.999999975690116e-08
6,480000000,6.48,imu_link,0.006762537830660815,0.0020394214320343844,0.0036669944060224537,0.00025709055796692155,0.00034441433299720964,9.80001584914509,-4.615570795138972e-10,5.3304847850834015e-08,-4.989105558662338e-08,0.9999999999999973,0.0;0.0;0.0;0.0;0.0;0.0;0.0;0.0;0.0,7.621289842063561e-05;0.0;0.0;0.0;7.621289842063561e-05;0.0;0.0;0.0;7.621289842063561e-05,3.999999975690116e-08;0.0;0.0;0.0;3.999999975690116e-08;0.0;0.0;0.0;3.999999975690116e-08
6,500000000,6.5,imu_link,0.004874249901899283,0.007500605107131354,-0.01297995831151069,-0.00020666793621015866,0.0001286294676449089,9.799824255671625,-4.615570794340715e-10,5.330484785049716e-08,-4.989105558662328e-08,0.9999999999999973,0.0;0.0;0.0;0.0;0.0;0.0;0.0;0.0;0.0,7.621289842063561e-05;0.0;0.0;0.0;7.621289842063561e-05;0.0;0.0;0.0;7.621289842063561e-05,3.999999975690116e-08;0.0;0.0;0.0;3.999999975690116e-08;0.0;0.0;0.0;3.999999975690116e-08
6,520000000,6.52,imu_link,-0.00039029000583203554,0.0006730471381787954,-0.009980688746489073,0.00021968306749456913,0.000289417950728606,9.799245516751997,-4.615570794559953e-10,5.330484785067169e-08,-4.9891055586624494e-08,0.9999999999999973,0.0;0.0;0.0;0.0;0.0;0.0;0.0;0.0;0.0,7.621289842063561e-05;0.0;0.0;0.0;7.621289842063561e-05;0.0;0.0;0.0;7.621289842063561e-05,3.999999975690116e-08;0.0;0.0;0.0;3.999999975690116e-08;0.0;0.0;0.0;3.999999975690116e-08
6,540000000,6.54,imu_link,0.0025156441325394656,-0.00694675241180131,-0.0036362450524653417,5.8739093242985566e-05,0.00020867764236255998,9.800184865633657,-4.6155707949414455e-10,5.33048478508511e-08,-4.9891055586624725e-08,0.9999999999999973,0.0;0.0;0.0;0.0;0.0;0.0;0.0;0.0;0.0,7.621289842063561e-05;0.0;0.0;0.0;7.621289842063561e-05;0.0;0.0;0.0;7.621289842063561e-05,3.999999975690116e-08;0.0;0.0;0.0;3.999999975690116e-08;0.0;0.0;0.0;3.999999975690116e-08
6,560000000,6.5600000000000005,imu_link,-0.007665782462910276,-0.0029930811829502915,0.004117285382140771,-0.00014895008598191464,7.899979376361397e-05,9.800116492152723,-4.615570794447868e-10,5.330484785032953e-08,-4.98910555866243e-08,0.9999999999999973,0.0;0.0;0.0;0.0;0.0;0.0;0.0;0.0;0.0,7.621289842063561e-05;0.0;0.0;0.0;7.621289842063561e-05;0.0;0.0;0.0;7.621289842063561e-05,3.999999975690116e-08;0.0;0.0;0.0;3.999999975690116e-08;0.0;0.0;0.0;3.999999975690116e-08
6,580000000,6.58,imu_link,-0.0021373703943246025,-0.019739344162369114,-0.004112391803363575,-9.623406189116137e-05,-4.417119139955573e-05,9.79964641274279,-4.615570794431593e-10,5.330484785058302e-08,-4.98910555866236e-08,0.9999999999999973,0.0;0.0;0.0;0.0;0.0;0.0;0.0;0.0;0.0,7.621289842063561e-05;0.0;0.0;0.0;7.621289842063561e-05;0.0;0.0;0.0;7.621289842063561e-05,3.999999975690116e-08;0.0;0.0;0.0;3.999999975690116e-08;0.0;0.0;0.0;3.999999975690116e-08
6,600000000,6.6,imu_link,0.013125748224577814,0.00129962260769957,-0.004989756282573463,0.00044551676118611443,-3.0608302493875396e-05,9.799897098495642,-4.6155707959986144e-10,5.330484785074856e-08,-4.989105558662605e-08,0.9999999999999973,0.0;0.0;0.0;0.0;0.0;0.0;0.0;0.0;0.0,7.621289842063561e-05;0.0;0.0;0.0;7.621289842063561e-05;0.0;0.0;0.0;7.621289842063561e-05,3.999999975690116e-08;0.0;0.0;0.0;3.999999975690116e-08;0.0;0.0;0.0;3.999999975690116e-08
6,620000000,6.62,imu_link,0.013160503044395432,-2.974411098314324e-05,-0.0027188382191428405,0.00046712699522588673,-9.339860174784715e-05,9.799879408849625,-4.615570793811716e-10,5.330484785041307e-08,-4.989105558662758e-08,0.9999999999999973,0.0;0.0;0.0;0.0;0.0;0.0;0.0;0.0;0.0,7.621289842063561e-05;0.0;0.0;0.0;7.621289842063561e-05;0.0;0.0;0.0;7.621289842063561e-05,3.999999975690116e-08;0.0;0.0;0.0;3.999999975690116e-08;0.0;0.0;0.0;3.999999975690116e-08
6,640000000,6.64,imu_link,-0.011974419087933598,0.006275330336573582,0.003927766073156637,3.175180999556029e-05,8.571789842043116e-05,9.799952555762145,-4.615570796466801e-10,5.330484785064493e-08,-4.9891055586628425e-08,0.9999999999999973,0.0;0.0;0.0;0.0;0.0;0.0;0.0;0.0;0.0,7.621289842063561e-05;0.0;0.0;0.0;7.621289842063561e-05;0.0;0.0;0.0;7.621289842063561e-05,3.999999975690116e-08;0.0;0.0;0.0;3.999999975690116e-08;0.0;0.0;0.0;3.999999975690116e-08
6,660000000,6.66,imu_link,-0.002964891386346228,-0.0006795504208920045,0.006089356981368025,0.00014673955280685761,-7.090256745579063e-06,9.799703154897996,-4.615570796769856e-10,5.330484785082786e-08,-4.98910555866288e-08,0.9999999999999973,0.0;0.0;0.0;0.0;0.0;0.0;0.0;0.0;0.0,7.621289842063561e-05;0.0;0.0;0.0;7.621289842063561e-05;0.0;0.0;0.0;7.621289842063561e-05,3.999999975690116e-08;0.0;0.0;0.0;3.999999975690116e-08;0.0;0.0;0.0;3.999999975690116e-08
6,680000000,6.68,imu_link,0.015246620948018126,-0.003995758490999557,-0.001009987939974908,-0.00011474023250436234,0.0002442637492326164,9.799959210105618,-4.6155707937787237e-10,5.330484785032482e-08,-4.989105558662936e-08,0.9999999999999973,0.0;0.0;0.0;0.0;0.0;0.0;0.0;0.0;0.0,7.621289842063561e-05;0.0;0.0;0.0;7.621289842063561e-05;0.0;0.0;0.0;7.621289842063561e-05,3.999999975690116e-08;0.0;0.0;0.0;3.999999975690116e-08;0.0;0.0;0.0;3.999999975690116e-08
6,700000000,6.7,imu_link,0.01938547706020327,-0.006377167029004398,-4.113551806823959e-05,-0.0002404224746630544,-0.00023638976455984958,9.799710213299988,-4.615570794118434e-10,5.3304847850518766e-08,-4.989105558662979e-08,0.9999999999999973,0.0;0.0;0.0;0.0;0.0;0.0;0.0;0.0;0.0,7.621289842063561e-05;0.0;0.0;0.0;7.621289842063561e-05;0.0;0.0;0.0;7.621289842063561e-05,3.999999975690116e-08;0.0;0.0;0.0;3.999999975690116e-08;0.0;0.0;0.0;3.999999975690116e-08
6,720000000,6.72,imu_link,0.017271852618392015,0.02107917625163538,-0.017488332239132886,-0.0002483997181143638,-0.0002163311808331613,9.79983784286184,-4.615570795519076e-10,5.3304847850749894e-08,-4.989105558663086e-08,0.9999999999999973,0.0;0.0;0.0;0.0;0.0;0.0;0.0;0.0;0.0,7.621289842063561e-05;0.0;0.0;0.0;7.621289842063561e-05;0.0;0.0;0.0;7.621289842063561e-05,3.999999975690116e-08;0.0;0.0;0.0;3.999999975690116e-08;0.0;0.0;0.0;3.999999975690116e-08
6,740000000,6.74,imu_link,0.009572959109260128,0.014878029998772684,0.007676967552527727,0.00036106450879906193,0.0001071025223659607,9.799863109107875,-4.61557079467907e-10,5.330484785087442e-08,-4.989105558663387e-08,0.9999999999999973,0.0;0.0;0.0;0.0;0.0;0.0;0.0;0.0;0.0,7.621289842063561e-05;0.0;0.0;0.0;7.621289842063561e-05;0.0;0.0;0.0;7.621289842063561e-05,3.999999975690116e-08;0.0;0.0;0.0;3.999999975690116e-08;0.0;0.0;0.0;3.999999975690116e-08
6,760000000,6.76,imu_link,-0.01356018530385556,0.003688542656520173,-0.009015909608425904,-0.0002073183408025234,9.340823788138997e-05,9.799986141565132,-4.615570793949927e-10,5.3304847850527356e-08,-4.9891055586637285e-08,0.9999999999999973,0.0;0.0;0.0;0.0;0.0;0.0;0.0;0.0;0.0,7.621289842063561e-05;0.0;0.0;0.0;7.621289842063561e-05;0.0;0.0;0.0;7.621289842063561e-05,3.999999975690116e-08;0.0;0.0;0.0;3.999999975690116e-08;0.0;0.0;0.0;3.999999975690116e-08
6,780000000,6.78,imu_link,0.028097743790592152,-0.005182960761820234,0.0054480109217172204,-0.00038489578697289495,0.0003103092387624981,9.799806225104044,-4.615570795681271e-10,5.330484785069239e-08,-4.9891055586639946e-08,0.9999999999999973,0.0;0.0;0.0;0.0;0.0;0.0;0.0;0.0;0.0,7.621289842063561e-05;0.0;0.0;0.0;7.621289842063561e-05;0.0;0.0;0.0;7.621289842063561e-05,3.999999975690116e-08;0.0;0.0;0.0;3.999999975690116e-08;0.0;0.0;0.0;3.999999975690116e-08
6,800000000,6.8,imu_link,0.0039009195539994298,0.007987830960491568,-0.014418006065626883,1.1132476486698e-05,-0.00015486810279671229,9.799828693919183,-4.615570793537145e-10,5.33048478508178e-08,-4.989105558664206e-08,0.9999999999999973,0.0;0.0;0.0;0.0;0.0;0.0;0.0;0.0;0.0,7.621289842063561e-05;0.0;0.0;0.0;7.621289842063561e-05;0.0;0.0;0.0;7.621289842063561e-05,3.999999975690116e-08;0.0;0.0;0.0;3.999999975690116e-08;0.0;0.0;0.0;3.999999975690116e-08
6,820000000,6.82,imu_link,0.013530118497600427,0.01818541187903759,-0.006815631215939198,-3.401563462118998e-05,0.00019631075403947078,9.799896633592464,-4.6155707938422817e-10,5.3304847850403365e-08,-4.9891055586643545e-08,0.9999999999999973,0.0;0.0;0.0;0.0;0.0;0.0;0.0;0.0;0.0,7.621289842063561e-05;0.0;0.0;0.0;7.621289842063561e-05;0.0;0.0;0.0;7.621289842063561e-05,3.999999975690116e-08;0.0;0.0;0.0;3.999999975690116e-08;0.0;0.0;0.0;3.999999975690116e-08
6,840000000,6.84,imu_link,0.010608815201973525,0.0014098103031842813,0.0034334082485734246,0.0002933476331128188,-0.0001703501886463849,9.7999059432924,-4.615570795438552e-10,5.330484785057818e-08,-4.989105558664768e-08,0.9999999999999973,0.0;0.0;0.0;0.0;0.0;0.0;0.0;0.0;0.0,7.621289842063561e-05;0.0;0.0;0.0;7.621289842063561e-05;0.0;0.0;0.0;7.621289842063561e-05,3.999999975690116e-08;0.0;0.0;0.0;3.999999975690116e-08;0.0;0.0;0.0;3.999999975690116e-08
6,860000000,6.86,imu_link,0.0003075680120231804,0.0027287590467545047,-0.0070134884551443614,-6.86179198800379e-05,0.00034416932500157737,9.799902503948172,-4.6155707955409074e-10,5.330484785062929e-08,-4.989105558664932e-08,0.9999999999999973,0.0;0.0;0.0;0.0;0.0;0.0;0.0;0.0;0.0,7.621289842063561e-05;0.0;0.0;0.0;7.621289842063561e-05;0.0;0.0;0.0;7.621289842063561e-05,3.999999975690116e-08;0.0;0.0;0.0;3.999999975690116e-08;0.0;0.0;0.0;3.999999975690116e-08
6,880000000,6.88,imu_link,-0.00861593231371204,-0.0013221910436392273,0.004233632458508454,0.00011643946808347134,2.7830013147793167e-05,9.799725444325269,-4.615570794615729e-10,5.3304847850295123e-08,-4.9891055586651665e-08,0.9999999999999973,0.0;0.0;0.0;0.0;0.0;0.0;0.0;0.0;0.0,7.621289842063561e-05;0.0;0.0;0.0;7.621289842063561e-05;0.0;0.0;0.0;7.621289842063561e-05,3.999999975690116e-08;0.0;0.0;0.0;3.999999975690116e-08;0.0;0.0;0.0;3.999999975690116e-08
6,900000000,6.9,imu_link,0.001921038142319447,0.0038070893677737776,-0.022140182656168857,-5.549173843895632e-05,0.00020330525388112983,9.80031139485053,-4.615570794885315e-10,5.330484785046781e-08,-4.989105558665378e-08,0.9999999999999973,0.0;0.0;0.0;0.0;0.0;0.0;0.0;0.0;0.0,7.621289842063561e-05;0.0;0.0;0.0;7.621289842063561e-05;0.0;0.0;0.0;7.621289842063561e-05,3.999999975690116e-08;0.0;0.0;0.0;3.999999975690116e-08;0.0;0.0;0.0;3.999999975690116e-08
6,920000000,6.92,imu_link,0.00862258913656125,0.02006425515037621,-0.008376676757360505,0.0001954955140645806,-4.294724015222545e-05,9.799836821487409,-4.6155707949048753e-10,5.330484785083381e-08,-4.989105558665648e-08,0.9999999999999973,0.0;0.0;0.0;0.0;0.0;0.0;0.0;0.0;0.0,7.621289842063561e-05;0.0;0.0;0.0;7.621289842063561e-05;0.0;0.0;0.0;7.621289842063561e-05,3.999999975690116e-08;0.0;0.0;0.0;3.999999975690116e-08;0.0;0.0;0.0;3.999999975690116e-08
6,940000000,6.94,imu_link,-0.0063065370661582985,0.0035216708225299263,-0.008353702060887957,5.590441614646131e-05,0.0002750909702383903,9.799543241892165,-4.6155707940902663e-10,5.3304847850837794e-08,-4.9891055586658766e-08,0.9999999999999973,0.0;0.0;0.0;0.0;0.0;0.0;0.0;0.0;0.0,7.621289842063561e-05;0.0;0.0;0.0;7.621289842063561e-05;0.0;0.0;0.0;7.621289842063561e-05,3.999999975690116e-08;0.0;0.0;0.0;3.999999975690116e-08;0.0;0.0;0.0;3.999999975690116e-08
6,960000000,6.96,imu_link,0.0065695747298002575,-0.0026890933947256615,0.008941192234980022,-0.00048204314698530043,-7.186270861599501e-05,9.799756264520083,-4.6155707944121683e-10,5.3304847850540425e-08,-4.98910555866665e-08,0.9999999999999973,0.0;0.0;0.0;0.0;0.0;0.0;0.0;0.0;0.0,7.621289842063561e-05;0.0;0.0;0.0;7.621289842063561e-05;0.0;0.0;0.0;7.621289842063561e-05,3.999999975690116e-08;0.0;0.0;0.0;3.999999975690116e-08;0.0;0.0;0.0;3.999999975690116e-08
6,980000000,6.98,imu_link,-0.0028372523990569344,0.0015398134523789853,0.020683321481634934,4.4374578174968343e-05,0.00019384035074334282,9.800143063268308,-4.6155707936663006e-10,5.3304847850671166e-08,-4.989105558667567e-08,0.9999999999999973,0.0;0.0;0.0;0.0;0.0;0.0;0.0;0.0;0.0,7.621289842063561e-05;0.0;0.0;0.0;7.621289842063561e-05;0.0;0.0;0.0;7.621289842063561e-05,3.999999975690116e-08;0.0;0.0;0.0;3.999999975690116e-08;0.0;0.0;0.0;3.999999975690116e-08
7,0,7.0,imu_link,0.006963178801219431,0.004270378731590756,0.008767985436612927,-0.0001568190724486979,0.00013981567499398456,9.799539829981809,-4.6155707939586303e-10,5.330484785085451e-08,-4.9891055586682575e-08,0.9999999999999973,0.0;0.0;0.0;0.0;0.0;0.0;0.0;0.0;0.0,7.621289842063561e-05;0.0;0.0;0.0;7.621289842063561e-05;0.0;0.0;0.0;7.621289842063561e-05,3.999999975690116e-08;0.0;0.0;0.0;3.999999975690116e-08;0.0;0.0;0.0;3.999999975690116e-08
7,20000000,7.02,imu_link,0.010149956465630086,0.004669786441915104,0.00436980875208432,0.00027226197362484057,-8.571963387307586e-05,9.799849953624033,-4.6155707946906257e-10,5.330484785037614e-08,-4.989105558669048e-08,0.9999999999999973,0.0;0.0;0.0;0.0;0.0;0.0;0.0;0.0;0.0,7.621289842063561e-05;0.0;0.0;0.0;7.621289842063561e-05;0.0;0.0;0.0;7.621289842063561e-05,3.999999975690116e-08;0.0;0.0;0.0;3.999999975690116e-08;0.0;0.0;0.0;3.999999975690116e-08
7,40000000,7.04,imu_link,-0.008308249774222025,-0.01905597769004139,-0.0008847152264454566,-7.852031983206852e-05,-0.0001089158627815296,9.799728163753448,-4.6155707946206245e-10,5.330484785074721e-08,-4.989105558669733e-08,0.9999999999999973,0.0;0.0;0.0;0.0;0.0;0.0;0.0;0.0;0.0,7.621289842063561e-05;0.0;0.0;0.0;7.621289842063561e-05;0.0;0.0;0.0;7.621289842063561e-05,3.999999975690116e-08;0.0;0.0;0.0;3.999999975690116e-08;0.0;0.0;0.0;3.999999975690116e-08
7,60000000,7.06,imu_link,0.004989251350993055,-0.005806566466312042,-0.016083420698473818,0.00010496567822352353,-0.00032737562601404266,9.800116552081894,-4.615570793879935e-10,5.3304847850283735e-08,-4.989105558670535e-08,0.9999999999999973,0.0;0.0;0.0;0.0;0.0;0.0;0.0;0.0;0.0,7.621289842063561e-05;0.0;0.0;0.0;7.621289842063561e-05;0.0;0.0;0.0;7.621289842063561e-05,3.999999975690116e-08;0.0;0.0;0.0;3.999999975690116e-08;0.0;0.0;0.0;3.999999975690116e-08
7,80000000,7.08,imu_link,0.014292685051875809,0.0025692750795988733,-0.006847642113699868,-0.00041843397404071176,-0.00011375732785704352,9.800196084429283,-4.615570794302674e-10,5.330484785047542e-08,-4.989105558671348e-08,0.9999999999999973,0.0;0.0;0.0;0.0;0.0;0.0;0.0;0.0;0.0,7.621289842063561e-05;0.0;0.0;0.0;7.621289842063561e-05;0.0;0.0;0.0;7.621289842063561e-05,3.999999975690116e-08;0.0;0.0;0.0;3.999999975690116e-08;0.0;0.0;0.0;3.999999975690116e-08
7,100000000,7.1,imu_link,-0.005039946929582258,0.004672111293615404,-0.004306430265043147,0.00038590475232246286,0.0002161625603823743,9.800164422503554,-4.6155707960991044e-10,5.330484785064267e-08,-4.9891055586719514e-08,0.9999999999999973,0.0;0.0;0.0;0.0;0.0;0.0;0.0;0.0;0.0,7.621289842063561e-05;0.0;0.0;0.0;7.621289842063561e-05;0.0;0.0;0.0;7.621289842063561e-05,3.999999975690116e-08;0.0;0.0;0.0;3.999999975690116e-08;0.0;0.0;0.0;3.999999975690116e-08
7,120000000,7.12,imu_link,0.007955930551021187,0.00439805759111138,-0.007624138069612742,-7.925911959203726e-06,-0.0001913216838045548,9.799894792073975,-4.615570793734163e-10,5.330484785029787e-08,-4.989105558672526e-08,0.9999999999999973,0.0;0.0;0.0;0.0;0.0;0.0;0.0;0.0;0.0,7.621289842063561e-05;0.0;0.0;0.0;7.621289842063561e-05;0.0;0.0;0.0;7.621289842063561e-05,3.999999975690116e-08;0.0;0.0;0.0;3.999999975690116e-08;0.0;0.0;0.0;3.999999975690116e-08
7,140000000,7.14,imu_link,-0.005404714481182285,-0.013149786729752918,0.0004962924492569809,0.00010209783350669534,0.00012165797335386632,9.799681901952114,-4.615570795391319e-10,5.3304847850348433e-08,-4.98910555867317e-08,0.9999999999999973,0.0;0.0;0.0;0.0;0.0;0.0;0.0;0.0;0.0,7.621289842063561e-05;0.0;0.0;0.0;7.621289842063561e-05;0.0;0.0;0.0;7.621289842063561e-05,3.999999975690116e-08;0.0;0.0;0.0;3.999999975690116e-08;0.0;0.0;0.0;3.999999975690116e-08
7,160000000,7.16,imu_link,-0.016371272548859655,0.010926237888820271,0.018224805491982375,-3.2670669328142306e-05,4.9704055275707294e-05,9.799799209885084,-4.6155707944183385e-10,5.33048478505342e-08,-4.98910555867397e-08,0.9999999999999973,0.0;0.0;0.0;0.0;0.0;0.0;0.0;0.0;0.0,7.621289842063561e-05;0.0;0.0;0.0;7.621289842063561e-05;0.0;0.0;0.0;7.621289842063561e-05,3.999999975690116e-08;0.0;0.0;0.0;3.999999975690116e-08;0.0;0.0;0.0;3.999999975690116e-08
7,180000000,7.18,imu_link,0.009137803982725894,-0.0006967121872599578,-0.0026431210029920576,-0.0001391299911330374,-2.2687260284064248e-05,9.79991888584439,-4.615570794654778e-10,5.33048478508447e-08,-4.9891055586746566e-08,0.9999999999999973,0.0;0.0;0.0;0.0;0.0;0.0;0.0;0.0;0.0,7.621289842063561e-05;0.0;0.0;0.0;7.621289842063561e-05;0.0;0.0;0.0;7.621289842063561e-05,3.999999975690116e-08;0.0;0.0;0.0;3.999999975690116e-08;0.0;0.0;0.0;3.999999975690116e-08
7,200000000,7.2,imu_link,-0.010741932281643536,-0.0005047032438515328,-0.0071547300520578005,-8.522745392939818e-05,3.073483588279779e-05,9.79937561522464,-4.6155707943453336e-10,5.330484785032047e-08,-4.989105558675423e-08,0.9999999999999973,0.0;0.0;0.0;0.0;0.0;0.0;0.0;0.0;0.0,7.621289842063561e-05;0.0;0.0;0.0;7.621289842063561e-05;0.0;0.0;0.0;7.621289842063561e-05,3.999999975690116e-08;0.0;0.0;0.0;3.999999975690116e-08;0.0;0.0;0.0;3.999999975690116e-08
7,220000000,7.22,imu_link,0.002822640892381211,-0.012523379471470926,0.016250741064103874,6.779878992595499e-05,-0.00012784461127556733,9.800117589816747,-4.6155707943313357e-10,5.3304847850673674e-08,-4.9891055586760774e-08,0.9999999999999973,0.0;0.0;0.0;0.0;0.0;0.0;0.0;0.0;0.0,7.621289842063561e-05;0.0;0.0;0.0;7.621289842063561e-05;0.0;0.0;0.0;7.621289842063561e-05,3.999999975690116e-08;0.0;0.0;0.0;3.999999975690116e-08;0.0;0.0;0.0;3.999999975690116e-08
7,240000000,7.24,imu_link,-0.015343844150559144,-0.010859454560153173,-0.005103874052507617,0.00013605732120854956,0.0002794561143402202,9.799927043649852,-4.6155707946553485e-10,5.3304847850837655e-08,-4.9891055586768066e-08,0.9999999999999973,0.0;0.0;0.0;0.0;0.0;0.0;0.0;0.0;0.0,7.621289842063561e-05;0.0;0.0;0.0;7.621289842063561e-05;0.0;0.0;0.0;7.621289842063561e-05,3.999999975690116e-08;0.0;0.0;0.0;3.999999975690116e-08;0.0;0.0;0.0;3.999999975690116e-08
7,260000000,7.26,imu_link,-0.00416989072860381,-0.0007320043213890926,-0.008395520488296622,-9.746332285636001e-05,0.0005136967927463129,9.799925757090197,-4.61557079448561e-10,5.3304847850311925e-08,-4.9891055586774114e-08,0.9999999999999973,0.0;0.0;0.0;0.0;0.0;0.0;0.0;0.0;0.0,7.621289842063561e-05;0.0;0.0;0.0;7.621289842063561e-05;0.0;0.0;0.0;7.621289842063561e-05,3.999999975690116e-08;0.0;0.0;0.0;3.999999975690116e-08;0.0;0.0;0.0;3.999999975690116e-08
7,280000000,7.28,imu_link,0.006009382663045721,0.00527172259924495,0.0014788914656975376,-4.782907178170197e-05,1.6979157551558552e-05,9.79980252393871,-4.615570794157117e-10,5.330484785054069e-08,-4.989105558678062e-08,0.9999999999999973,0.0;0.0;0.0;0.0;0.0;0.0;0.0;0.0;0.0,7.621289842063561e-05;0.0;0.0;0.0;7.621289842063561e-05;0.0;0.0;0.0;7.621289842063561e-05,3.999999975690116e-08;0.0;0.0;0.0;3.999999975690116e-08;0.0;0.0;0.0;3.999999975690116e-08
7,300000000,7.3,imu_link,-0.002862080845026869,-0.004467150311292453,0.003918272725250755,-0.00014586695916957753,0.00012563342222978593,9.800262787246425,-4.615570795859377e-10,5.330484785071252e-08,-4.989105558678887e-08,0.9999999999999973,0.0;0.0;0.0;0.0;0.0;0.0;0.0;0.0;0.0,7.621289842063561e-05;0.0;0.0;0.0;7.621289842063561e-05;0.0;0.0;0.0;7.621289842063561e-05,3.999999975690116e-08;0.0;0.0;0.0;3.999999975690116e-08;0.0;0.0;0.0;3.999999975690116e-08
7,320000000,7.32,imu_link,0.011010555788178349,0.008656241316812408,-0.01043596177414456,0.0003854086026141158,0.0002302409896185853,9.799834898769472,-4.6155707937571327e-10,5.33048478508274e-08,-4.9891055586796475e-08,0.9999999999999973,0.0;0.0;0.0;0.0;0.0;0.0;0.0;0.0;0.0,7.621289842063561e-05;0.0;0.0;0.0;7.621289842063561e-05;0.0;0.0;0.0;7.621289842063561e-05,3.999999975690116e-08;0.0;0.0;0.0;3.999999975690116e-08;0.0;0.0;0.0;3.999999975690116e-08
7,340000000,7.34,imu_link,-0.0018434566868555137,0.003608688358829513,0.008120894964687419,0.0003340262497656343,-0.00039404633131805367,9.800142557202204,-4.6155707942004866e-10,5.330484785054099e-08,-4.989105558680314e-08,0.9999999999999973,0.0;0.0;0.0;0.0;0.0;0.0;0.0;0.0;0.0,7.621289842063561e-05;0.0;0.0;0.0;7.621289842063561e-05;0.0;0.0;0.0;7.621289842063561e-05,3.999999975690116e-08;0.0;0.0;0.0;3.999999975690116e-08;0.0;0.0;0.0;3.999999975690116e-08
7,360000000,7.36,imu_link,-0.006302018914902386,-0.01919838261144863,-0.010206339336060468,0.00033122036997103733,-7.37509144612188e-05,9.799819178204586,-4.615570796034036e-10,5.330484785070853e-08,-4.989105558680867e-08,0.9999999999999973,0.0;0.0;0.0;0.0;0.0;0.0;0.0;0.0;0.0,7.621289842063561e-05;0.0;0.0;0.0;7.621289842063561e-05;0.0;0.0;0.0;7.621289842063561e-05,3.999999975690116e-08;0.0;0.0;0.0;3.999999975690116e-08;0.0;0.0;0.0;3.999999975690116e-08
7,380000000,7.38,imu_link,-0.0037891117311557566,0.009193686813173797,-0.010385799805431998,-3.526160340046051e-05,-4.794069366152398e-05,9.799774313432511,-4.6155707961441816e-10,5.33048478507608e-08,-4.9891055586814064e-08,0.9999999999999973,0.0;0.0;0.0;0.0;0.0;0.0;0.0;0.0;0.0,7.621289842063561e-05;0.0;0.0;0.0;7.621289842063561e-05;0.0;0.0;0.0;7.621289842063561e-05,3.999999975690116e-08;0.0;0.0;0.0;3.999999975690116e-08;0.0;0.0;0.0;3.999999975690116e-08
7,400000000,7.4,imu_link,0.005066070937375207,0.009248707525387742,0.0002752256714063599,9.693319560174684e-05,7.111629243715913e-05,9.799594864909409,-4.615570795322729e-10,5.3304847850430854e-08,-4.989105558682123e-08,0.9999999999999973,0.0;0.0;0.0;0.0;0.0;0.0;0.0;0.0;0.0,7.621289842063561e-05;0.0;0.0;0.0;7.621289842063561e-05;0.0;0.0;0.0;7.621289842063561e-05,3.999999975690116e-08;0.0;0.0;0.0;3.999999975690116e-08;0.0;0.0;0.0;3.999999975690116e-08
7,420000000,7.42,imu_link,0.006397516701547891,0.002095325093274244,0.012892846200151808,-5.188427980409185e-05,6.969921216396803e-05,9.799694932498715,-4.615570795530567e-10,5.330484785061122e-08,-4.989105558682746e-08,0.9999999999999973,0.0;0.0;0.0;0.0;0.0;0.0;0.0;0.0;0.0,7.621289842063561e-05;0.0;0.0;0.0;7.621289842063561e-05;0.0;0.0;0.0;7.621289842063561e-05,3.999999975690116e-08;0.0;0.0;0.0;3.999999975690116e-08;0.0;0.0;0.0;3.999999975690116e-08
7,440000000,7.44,imu_link,-0.002457129437527174,-0.014971935121158299,0.00267102924699878,0.00027574428772817204,-1.917891389070138e-05,9.799425656418986,-4.615570795825325e-10,5.330484785033221e-08,-4.989105558683359e-08,0.9999999999999973,0.0;0.0;0.0;0.0;0.0;0.0;0.0;0.0;0.0,7.621289842063561e-05;0.0;0.0;0.0;7.621289842063561e-05;0.0;0.0;0.0;7.621289842063561e-05,3.999999975690116e-08;0.0;0.0;0.0;3.999999975690116e-08;0.0;0.0;0.0;3.999999975690116e-08
7,460000000,7.46,imu_link,-0.009035660180552156,0.0042324045130043035,-0.004736570575286187,0.0004924856827438923,0.0002185007614582458,9.799680415087803,-4.615570793748971e-10,5.33048478504618e-08,-4.9891055586840275e-08,0.9999999999999973,0.0;0.0;0.0;0.0;0.0;0.0;0.0;0.0;0.0,7.621289842063561e-05;0.0;0.0;0.0;7.621289842063561e-05;0.0;0.0;0.0;7.621289842063561e-05,3.999999975690116e-08;0.0;0.0;0.0;3.999999975690116e-08;0.0;0.0;0.0;3.999999975690116e-08
